berlin_000000_000019_gtFine_color.png,0
berlin_000000_000019_gtFine_instanceIds.png,1
berlin_000000_000019_gtFine_labelIds.png,2
berlin_000000_000019_gtFine_polygons.json,3
berlin_000001_000019_gtFine_color.png,4
berlin_000001_000019_gtFine_instanceIds.png,5
berlin_000001_000019_gtFine_labelIds.png,6
berlin_000001_000019_gtFine_polygons.json,7
berlin_000002_000019_gtFine_color.png,8
berlin_000002_000019_gtFine_instanceIds.png,9
berlin_000002_000019_gtFine_labelIds.png,10
berlin_000002_000019_gtFine_polygons.json,11
berlin_000003_000019_gtFine_color.png,12
berlin_000003_000019_gtFine_instanceIds.png,13
berlin_000003_000019_gtFine_labelIds.png,14
berlin_000003_000019_gtFine_polygons.json,15
berlin_000004_000019_gtFine_color.png,16
berlin_000004_000019_gtFine_instanceIds.png,17
berlin_000004_000019_gtFine_labelIds.png,18
berlin_000004_000019_gtFine_polygons.json,19
berlin_000005_000019_gtFine_color.png,20
berlin_000005_000019_gtFine_instanceIds.png,21
berlin_000005_000019_gtFine_labelIds.png,22
berlin_000005_000019_gtFine_polygons.json,23
berlin_000006_000019_gtFine_color.png,24
berlin_000006_000019_gtFine_instanceIds.png,25
berlin_000006_000019_gtFine_labelIds.png,26
berlin_000006_000019_gtFine_polygons.json,27
berlin_000007_000019_gtFine_color.png,28
berlin_000007_000019_gtFine_instanceIds.png,29
berlin_000007_000019_gtFine_labelIds.png,30
berlin_000007_000019_gtFine_polygons.json,31
berlin_000008_000019_gtFine_color.png,32
berlin_000008_000019_gtFine_instanceIds.png,33
berlin_000008_000019_gtFine_labelIds.png,34
berlin_000008_000019_gtFine_polygons.json,35
berlin_000009_000019_gtFine_color.png,36
berlin_000009_000019_gtFine_instanceIds.png,37
berlin_000009_000019_gtFine_labelIds.png,38
berlin_000009_000019_gtFine_polygons.json,39
berlin_000010_000019_gtFine_color.png,40
berlin_000010_000019_gtFine_instanceIds.png,41
berlin_000010_000019_gtFine_labelIds.png,42
berlin_000010_000019_gtFine_polygons.json,43
berlin_000011_000019_gtFine_color.png,44
berlin_000011_000019_gtFine_instanceIds.png,45
berlin_000011_000019_gtFine_labelIds.png,46
berlin_000011_000019_gtFine_polygons.json,47
berlin_000012_000019_gtFine_color.png,48
berlin_000012_000019_gtFine_instanceIds.png,49
berlin_000012_000019_gtFine_labelIds.png,50
berlin_000012_000019_gtFine_polygons.json,51
berlin_000013_000019_gtFine_color.png,52
berlin_000013_000019_gtFine_instanceIds.png,53
berlin_000013_000019_gtFine_labelIds.png,54
berlin_000013_000019_gtFine_polygons.json,55
berlin_000014_000019_gtFine_color.png,56
berlin_000014_000019_gtFine_instanceIds.png,57
berlin_000014_000019_gtFine_labelIds.png,58
berlin_000014_000019_gtFine_polygons.json,59
berlin_000015_000019_gtFine_color.png,60
berlin_000015_000019_gtFine_instanceIds.png,61
berlin_000015_000019_gtFine_labelIds.png,62
berlin_000015_000019_gtFine_polygons.json,63
berlin_000016_000019_gtFine_color.png,64
berlin_000016_000019_gtFine_instanceIds.png,65
berlin_000016_000019_gtFine_labelIds.png,66
berlin_000016_000019_gtFine_polygons.json,67
berlin_000017_000019_gtFine_color.png,68
berlin_000017_000019_gtFine_instanceIds.png,69
berlin_000017_000019_gtFine_labelIds.png,70
berlin_000017_000019_gtFine_polygons.json,71
berlin_000018_000019_gtFine_color.png,72
berlin_000018_000019_gtFine_instanceIds.png,73
berlin_000018_000019_gtFine_labelIds.png,74
berlin_000018_000019_gtFine_polygons.json,75
berlin_000019_000019_gtFine_color.png,76
berlin_000019_000019_gtFine_instanceIds.png,77
berlin_000019_000019_gtFine_labelIds.png,78
berlin_000019_000019_gtFine_polygons.json,79
berlin_000020_000019_gtFine_color.png,80
berlin_000020_000019_gtFine_instanceIds.png,81
berlin_000020_000019_gtFine_labelIds.png,82
berlin_000020_000019_gtFine_polygons.json,83
berlin_000021_000019_gtFine_color.png,84
berlin_000021_000019_gtFine_instanceIds.png,85
berlin_000021_000019_gtFine_labelIds.png,86
berlin_000021_000019_gtFine_polygons.json,87
berlin_000022_000019_gtFine_color.png,88
berlin_000022_000019_gtFine_instanceIds.png,89
berlin_000022_000019_gtFine_labelIds.png,90
berlin_000022_000019_gtFine_polygons.json,91
berlin_000023_000019_gtFine_color.png,92
berlin_000023_000019_gtFine_instanceIds.png,93
berlin_000023_000019_gtFine_labelIds.png,94
berlin_000023_000019_gtFine_polygons.json,95
berlin_000024_000019_gtFine_color.png,96
berlin_000024_000019_gtFine_instanceIds.png,97
berlin_000024_000019_gtFine_labelIds.png,98
berlin_000024_000019_gtFine_polygons.json,99
berlin_000025_000019_gtFine_color.png,100
berlin_000025_000019_gtFine_instanceIds.png,101
berlin_000025_000019_gtFine_labelIds.png,102
berlin_000025_000019_gtFine_polygons.json,103
berlin_000026_000019_gtFine_color.png,104
berlin_000026_000019_gtFine_instanceIds.png,105
berlin_000026_000019_gtFine_labelIds.png,106
berlin_000026_000019_gtFine_polygons.json,107
berlin_000027_000019_gtFine_color.png,108
berlin_000027_000019_gtFine_instanceIds.png,109
berlin_000027_000019_gtFine_labelIds.png,110
berlin_000027_000019_gtFine_polygons.json,111
berlin_000028_000019_gtFine_color.png,112
berlin_000028_000019_gtFine_instanceIds.png,113
berlin_000028_000019_gtFine_labelIds.png,114
berlin_000028_000019_gtFine_polygons.json,115
berlin_000029_000019_gtFine_color.png,116
berlin_000029_000019_gtFine_instanceIds.png,117
berlin_000029_000019_gtFine_labelIds.png,118
berlin_000029_000019_gtFine_polygons.json,119
berlin_000030_000019_gtFine_color.png,120
berlin_000030_000019_gtFine_instanceIds.png,121
berlin_000030_000019_gtFine_labelIds.png,122
berlin_000030_000019_gtFine_polygons.json,123
berlin_000031_000019_gtFine_color.png,124
berlin_000031_000019_gtFine_instanceIds.png,125
berlin_000031_000019_gtFine_labelIds.png,126
berlin_000031_000019_gtFine_polygons.json,127
berlin_000032_000019_gtFine_color.png,128
berlin_000032_000019_gtFine_instanceIds.png,129
berlin_000032_000019_gtFine_labelIds.png,130
berlin_000032_000019_gtFine_polygons.json,131
berlin_000033_000019_gtFine_color.png,132
berlin_000033_000019_gtFine_instanceIds.png,133
berlin_000033_000019_gtFine_labelIds.png,134
berlin_000033_000019_gtFine_polygons.json,135
berlin_000034_000019_gtFine_color.png,136
berlin_000034_000019_gtFine_instanceIds.png,137
berlin_000034_000019_gtFine_labelIds.png,138
berlin_000034_000019_gtFine_polygons.json,139
berlin_000035_000019_gtFine_color.png,140
berlin_000035_000019_gtFine_instanceIds.png,141
berlin_000035_000019_gtFine_labelIds.png,142
berlin_000035_000019_gtFine_polygons.json,143
berlin_000036_000019_gtFine_color.png,144
berlin_000036_000019_gtFine_instanceIds.png,145
berlin_000036_000019_gtFine_labelIds.png,146
berlin_000036_000019_gtFine_polygons.json,147
berlin_000037_000019_gtFine_color.png,148
berlin_000037_000019_gtFine_instanceIds.png,149
berlin_000037_000019_gtFine_labelIds.png,150
berlin_000037_000019_gtFine_polygons.json,151
berlin_000038_000019_gtFine_color.png,152
berlin_000038_000019_gtFine_instanceIds.png,153
berlin_000038_000019_gtFine_labelIds.png,154
berlin_000038_000019_gtFine_polygons.json,155
berlin_000039_000019_gtFine_color.png,156
berlin_000039_000019_gtFine_instanceIds.png,157
berlin_000039_000019_gtFine_labelIds.png,158
berlin_000039_000019_gtFine_polygons.json,159
berlin_000040_000019_gtFine_color.png,160
berlin_000040_000019_gtFine_instanceIds.png,161
berlin_000040_000019_gtFine_labelIds.png,162
berlin_000040_000019_gtFine_polygons.json,163
berlin_000041_000019_gtFine_color.png,164
berlin_000041_000019_gtFine_instanceIds.png,165
berlin_000041_000019_gtFine_labelIds.png,166
berlin_000041_000019_gtFine_polygons.json,167
berlin_000042_000019_gtFine_color.png,168
berlin_000042_000019_gtFine_instanceIds.png,169
berlin_000042_000019_gtFine_labelIds.png,170
berlin_000042_000019_gtFine_polygons.json,171
berlin_000043_000019_gtFine_color.png,172
berlin_000043_000019_gtFine_instanceIds.png,173
berlin_000043_000019_gtFine_labelIds.png,174
berlin_000043_000019_gtFine_polygons.json,175
berlin_000044_000019_gtFine_color.png,176
berlin_000044_000019_gtFine_instanceIds.png,177
berlin_000044_000019_gtFine_labelIds.png,178
berlin_000044_000019_gtFine_polygons.json,179
berlin_000045_000019_gtFine_color.png,180
berlin_000045_000019_gtFine_instanceIds.png,181
berlin_000045_000019_gtFine_labelIds.png,182
berlin_000045_000019_gtFine_polygons.json,183
berlin_000046_000019_gtFine_color.png,184
berlin_000046_000019_gtFine_instanceIds.png,185
berlin_000046_000019_gtFine_labelIds.png,186
berlin_000046_000019_gtFine_polygons.json,187
berlin_000047_000019_gtFine_color.png,188
berlin_000047_000019_gtFine_instanceIds.png,189
berlin_000047_000019_gtFine_labelIds.png,190
berlin_000047_000019_gtFine_polygons.json,191
berlin_000048_000019_gtFine_color.png,192
berlin_000048_000019_gtFine_instanceIds.png,193
berlin_000048_000019_gtFine_labelIds.png,194
berlin_000048_000019_gtFine_polygons.json,195
berlin_000049_000019_gtFine_color.png,196
berlin_000049_000019_gtFine_instanceIds.png,197
berlin_000049_000019_gtFine_labelIds.png,198
berlin_000049_000019_gtFine_polygons.json,199
berlin_000050_000019_gtFine_color.png,200
berlin_000050_000019_gtFine_instanceIds.png,201
berlin_000050_000019_gtFine_labelIds.png,202
berlin_000050_000019_gtFine_polygons.json,203
berlin_000051_000019_gtFine_color.png,204
berlin_000051_000019_gtFine_instanceIds.png,205
berlin_000051_000019_gtFine_labelIds.png,206
berlin_000051_000019_gtFine_polygons.json,207
berlin_000052_000019_gtFine_color.png,208
berlin_000052_000019_gtFine_instanceIds.png,209
berlin_000052_000019_gtFine_labelIds.png,210
berlin_000052_000019_gtFine_polygons.json,211
berlin_000053_000019_gtFine_color.png,212
berlin_000053_000019_gtFine_instanceIds.png,213
berlin_000053_000019_gtFine_labelIds.png,214
berlin_000053_000019_gtFine_polygons.json,215
berlin_000054_000019_gtFine_color.png,216
berlin_000054_000019_gtFine_instanceIds.png,217
berlin_000054_000019_gtFine_labelIds.png,218
berlin_000054_000019_gtFine_polygons.json,219
berlin_000055_000019_gtFine_color.png,220
berlin_000055_000019_gtFine_instanceIds.png,221
berlin_000055_000019_gtFine_labelIds.png,222
berlin_000055_000019_gtFine_polygons.json,223
berlin_000056_000019_gtFine_color.png,224
berlin_000056_000019_gtFine_instanceIds.png,225
berlin_000056_000019_gtFine_labelIds.png,226
berlin_000056_000019_gtFine_polygons.json,227
berlin_000057_000019_gtFine_color.png,228
berlin_000057_000019_gtFine_instanceIds.png,229
berlin_000057_000019_gtFine_labelIds.png,230
berlin_000057_000019_gtFine_polygons.json,231
berlin_000058_000019_gtFine_color.png,232
berlin_000058_000019_gtFine_instanceIds.png,233
berlin_000058_000019_gtFine_labelIds.png,234
berlin_000058_000019_gtFine_polygons.json,235
berlin_000059_000019_gtFine_color.png,236
berlin_000059_000019_gtFine_instanceIds.png,237
berlin_000059_000019_gtFine_labelIds.png,238
berlin_000059_000019_gtFine_polygons.json,239
berlin_000060_000019_gtFine_color.png,240
berlin_000060_000019_gtFine_instanceIds.png,241
berlin_000060_000019_gtFine_labelIds.png,242
berlin_000060_000019_gtFine_polygons.json,243
berlin_000061_000019_gtFine_color.png,244
berlin_000061_000019_gtFine_instanceIds.png,245
berlin_000061_000019_gtFine_labelIds.png,246
berlin_000061_000019_gtFine_polygons.json,247
berlin_000062_000019_gtFine_color.png,248
berlin_000062_000019_gtFine_instanceIds.png,249
berlin_000062_000019_gtFine_labelIds.png,250
berlin_000062_000019_gtFine_polygons.json,251
berlin_000063_000019_gtFine_color.png,252
berlin_000063_000019_gtFine_instanceIds.png,253
berlin_000063_000019_gtFine_labelIds.png,254
berlin_000063_000019_gtFine_polygons.json,255
berlin_000064_000019_gtFine_color.png,256
berlin_000064_000019_gtFine_instanceIds.png,257
berlin_000064_000019_gtFine_labelIds.png,258
berlin_000064_000019_gtFine_polygons.json,259
berlin_000065_000019_gtFine_color.png,260
berlin_000065_000019_gtFine_instanceIds.png,261
berlin_000065_000019_gtFine_labelIds.png,262
berlin_000065_000019_gtFine_polygons.json,263
berlin_000066_000019_gtFine_color.png,264
berlin_000066_000019_gtFine_instanceIds.png,265
berlin_000066_000019_gtFine_labelIds.png,266
berlin_000066_000019_gtFine_polygons.json,267
berlin_000067_000019_gtFine_color.png,268
berlin_000067_000019_gtFine_instanceIds.png,269
berlin_000067_000019_gtFine_labelIds.png,270
berlin_000067_000019_gtFine_polygons.json,271
berlin_000068_000019_gtFine_color.png,272
berlin_000068_000019_gtFine_instanceIds.png,273
berlin_000068_000019_gtFine_labelIds.png,274
berlin_000068_000019_gtFine_polygons.json,275
berlin_000069_000019_gtFine_color.png,276
berlin_000069_000019_gtFine_instanceIds.png,277
berlin_000069_000019_gtFine_labelIds.png,278
berlin_000069_000019_gtFine_polygons.json,279
berlin_000070_000019_gtFine_color.png,280
berlin_000070_000019_gtFine_instanceIds.png,281
berlin_000070_000019_gtFine_labelIds.png,282
berlin_000070_000019_gtFine_polygons.json,283
berlin_000071_000019_gtFine_color.png,284
berlin_000071_000019_gtFine_instanceIds.png,285
berlin_000071_000019_gtFine_labelIds.png,286
berlin_000071_000019_gtFine_polygons.json,287
berlin_000072_000019_gtFine_color.png,288
berlin_000072_000019_gtFine_instanceIds.png,289
berlin_000072_000019_gtFine_labelIds.png,290
berlin_000072_000019_gtFine_polygons.json,291
berlin_000073_000019_gtFine_color.png,292
berlin_000073_000019_gtFine_instanceIds.png,293
berlin_000073_000019_gtFine_labelIds.png,294
berlin_000073_000019_gtFine_polygons.json,295
berlin_000074_000019_gtFine_color.png,296
berlin_000074_000019_gtFine_instanceIds.png,297
berlin_000074_000019_gtFine_labelIds.png,298
berlin_000074_000019_gtFine_polygons.json,299
berlin_000075_000019_gtFine_color.png,300
berlin_000075_000019_gtFine_instanceIds.png,301
berlin_000075_000019_gtFine_labelIds.png,302
berlin_000075_000019_gtFine_polygons.json,303
berlin_000076_000019_gtFine_color.png,304
berlin_000076_000019_gtFine_instanceIds.png,305
berlin_000076_000019_gtFine_labelIds.png,306
berlin_000076_000019_gtFine_polygons.json,307
berlin_000077_000019_gtFine_color.png,308
berlin_000077_000019_gtFine_instanceIds.png,309
berlin_000077_000019_gtFine_labelIds.png,310
berlin_000077_000019_gtFine_polygons.json,311
berlin_000078_000019_gtFine_color.png,312
berlin_000078_000019_gtFine_instanceIds.png,313
berlin_000078_000019_gtFine_labelIds.png,314
berlin_000078_000019_gtFine_polygons.json,315
berlin_000079_000019_gtFine_color.png,316
berlin_000079_000019_gtFine_instanceIds.png,317
berlin_000079_000019_gtFine_labelIds.png,318
berlin_000079_000019_gtFine_polygons.json,319
berlin_000080_000019_gtFine_color.png,320
berlin_000080_000019_gtFine_instanceIds.png,321
berlin_000080_000019_gtFine_labelIds.png,322
berlin_000080_000019_gtFine_polygons.json,323
berlin_000081_000019_gtFine_color.png,324
berlin_000081_000019_gtFine_instanceIds.png,325
berlin_000081_000019_gtFine_labelIds.png,326
berlin_000081_000019_gtFine_polygons.json,327
berlin_000082_000019_gtFine_color.png,328
berlin_000082_000019_gtFine_instanceIds.png,329
berlin_000082_000019_gtFine_labelIds.png,330
berlin_000082_000019_gtFine_polygons.json,331
berlin_000083_000019_gtFine_color.png,332
berlin_000083_000019_gtFine_instanceIds.png,333
berlin_000083_000019_gtFine_labelIds.png,334
berlin_000083_000019_gtFine_polygons.json,335
berlin_000084_000019_gtFine_color.png,336
berlin_000084_000019_gtFine_instanceIds.png,337
berlin_000084_000019_gtFine_labelIds.png,338
berlin_000084_000019_gtFine_polygons.json,339
berlin_000085_000019_gtFine_color.png,340
berlin_000085_000019_gtFine_instanceIds.png,341
berlin_000085_000019_gtFine_labelIds.png,342
berlin_000085_000019_gtFine_polygons.json,343
berlin_000086_000019_gtFine_color.png,344
berlin_000086_000019_gtFine_instanceIds.png,345
berlin_000086_000019_gtFine_labelIds.png,346
berlin_000086_000019_gtFine_polygons.json,347
berlin_000087_000019_gtFine_color.png,348
berlin_000087_000019_gtFine_instanceIds.png,349
berlin_000087_000019_gtFine_labelIds.png,350
berlin_000087_000019_gtFine_polygons.json,351
berlin_000088_000019_gtFine_color.png,352
berlin_000088_000019_gtFine_instanceIds.png,353
berlin_000088_000019_gtFine_labelIds.png,354
berlin_000088_000019_gtFine_polygons.json,355
berlin_000089_000019_gtFine_color.png,356
berlin_000089_000019_gtFine_instanceIds.png,357
berlin_000089_000019_gtFine_labelIds.png,358
berlin_000089_000019_gtFine_polygons.json,359
berlin_000090_000019_gtFine_color.png,360
berlin_000090_000019_gtFine_instanceIds.png,361
berlin_000090_000019_gtFine_labelIds.png,362
berlin_000090_000019_gtFine_polygons.json,363
berlin_000091_000019_gtFine_color.png,364
berlin_000091_000019_gtFine_instanceIds.png,365
berlin_000091_000019_gtFine_labelIds.png,366
berlin_000091_000019_gtFine_polygons.json,367
berlin_000092_000019_gtFine_color.png,368
berlin_000092_000019_gtFine_instanceIds.png,369
berlin_000092_000019_gtFine_labelIds.png,370
berlin_000092_000019_gtFine_polygons.json,371
berlin_000093_000019_gtFine_color.png,372
berlin_000093_000019_gtFine_instanceIds.png,373
berlin_000093_000019_gtFine_labelIds.png,374
berlin_000093_000019_gtFine_polygons.json,375
berlin_000094_000019_gtFine_color.png,376
berlin_000094_000019_gtFine_instanceIds.png,377
berlin_000094_000019_gtFine_labelIds.png,378
berlin_000094_000019_gtFine_polygons.json,379
berlin_000095_000019_gtFine_color.png,380
berlin_000095_000019_gtFine_instanceIds.png,381
berlin_000095_000019_gtFine_labelIds.png,382
berlin_000095_000019_gtFine_polygons.json,383
berlin_000096_000019_gtFine_color.png,384
berlin_000096_000019_gtFine_instanceIds.png,385
berlin_000096_000019_gtFine_labelIds.png,386
berlin_000096_000019_gtFine_polygons.json,387
berlin_000097_000019_gtFine_color.png,388
berlin_000097_000019_gtFine_instanceIds.png,389
berlin_000097_000019_gtFine_labelIds.png,390
berlin_000097_000019_gtFine_polygons.json,391
berlin_000098_000019_gtFine_color.png,392
berlin_000098_000019_gtFine_instanceIds.png,393
berlin_000098_000019_gtFine_labelIds.png,394
berlin_000098_000019_gtFine_polygons.json,395
berlin_000099_000019_gtFine_color.png,396
berlin_000099_000019_gtFine_instanceIds.png,397
berlin_000099_000019_gtFine_labelIds.png,398
berlin_000099_000019_gtFine_polygons.json,399
berlin_000100_000019_gtFine_color.png,400
berlin_000100_000019_gtFine_instanceIds.png,401
berlin_000100_000019_gtFine_labelIds.png,402
berlin_000100_000019_gtFine_polygons.json,403
berlin_000101_000019_gtFine_color.png,404
berlin_000101_000019_gtFine_instanceIds.png,405
berlin_000101_000019_gtFine_labelIds.png,406
berlin_000101_000019_gtFine_polygons.json,407
berlin_000102_000019_gtFine_color.png,408
berlin_000102_000019_gtFine_instanceIds.png,409
berlin_000102_000019_gtFine_labelIds.png,410
berlin_000102_000019_gtFine_polygons.json,411
berlin_000103_000019_gtFine_color.png,412
berlin_000103_000019_gtFine_instanceIds.png,413
berlin_000103_000019_gtFine_labelIds.png,414
berlin_000103_000019_gtFine_polygons.json,415
berlin_000104_000019_gtFine_color.png,416
berlin_000104_000019_gtFine_instanceIds.png,417
berlin_000104_000019_gtFine_labelIds.png,418
berlin_000104_000019_gtFine_polygons.json,419
berlin_000105_000019_gtFine_color.png,420
berlin_000105_000019_gtFine_instanceIds.png,421
berlin_000105_000019_gtFine_labelIds.png,422
berlin_000105_000019_gtFine_polygons.json,423
berlin_000106_000019_gtFine_color.png,424
berlin_000106_000019_gtFine_instanceIds.png,425
berlin_000106_000019_gtFine_labelIds.png,426
berlin_000106_000019_gtFine_polygons.json,427
berlin_000107_000019_gtFine_color.png,428
berlin_000107_000019_gtFine_instanceIds.png,429
berlin_000107_000019_gtFine_labelIds.png,430
berlin_000107_000019_gtFine_polygons.json,431
berlin_000108_000019_gtFine_color.png,432
berlin_000108_000019_gtFine_instanceIds.png,433
berlin_000108_000019_gtFine_labelIds.png,434
berlin_000108_000019_gtFine_polygons.json,435
berlin_000109_000019_gtFine_color.png,436
berlin_000109_000019_gtFine_instanceIds.png,437
berlin_000109_000019_gtFine_labelIds.png,438
berlin_000109_000019_gtFine_polygons.json,439
berlin_000110_000019_gtFine_color.png,440
berlin_000110_000019_gtFine_instanceIds.png,441
berlin_000110_000019_gtFine_labelIds.png,442
berlin_000110_000019_gtFine_polygons.json,443
berlin_000111_000019_gtFine_color.png,444
berlin_000111_000019_gtFine_instanceIds.png,445
berlin_000111_000019_gtFine_labelIds.png,446
berlin_000111_000019_gtFine_polygons.json,447
berlin_000112_000019_gtFine_color.png,448
berlin_000112_000019_gtFine_instanceIds.png,449
berlin_000112_000019_gtFine_labelIds.png,450
berlin_000112_000019_gtFine_polygons.json,451
berlin_000113_000019_gtFine_color.png,452
berlin_000113_000019_gtFine_instanceIds.png,453
berlin_000113_000019_gtFine_labelIds.png,454
berlin_000113_000019_gtFine_polygons.json,455
berlin_000114_000019_gtFine_color.png,456
berlin_000114_000019_gtFine_instanceIds.png,457
berlin_000114_000019_gtFine_labelIds.png,458
berlin_000114_000019_gtFine_polygons.json,459
berlin_000115_000019_gtFine_color.png,460
berlin_000115_000019_gtFine_instanceIds.png,461
berlin_000115_000019_gtFine_labelIds.png,462
berlin_000115_000019_gtFine_polygons.json,463
berlin_000116_000019_gtFine_color.png,464
berlin_000116_000019_gtFine_instanceIds.png,465
berlin_000116_000019_gtFine_labelIds.png,466
berlin_000116_000019_gtFine_polygons.json,467
berlin_000117_000019_gtFine_color.png,468
berlin_000117_000019_gtFine_instanceIds.png,469
berlin_000117_000019_gtFine_labelIds.png,470
berlin_000117_000019_gtFine_polygons.json,471
berlin_000118_000019_gtFine_color.png,472
berlin_000118_000019_gtFine_instanceIds.png,473
berlin_000118_000019_gtFine_labelIds.png,474
berlin_000118_000019_gtFine_polygons.json,475
berlin_000119_000019_gtFine_color.png,476
berlin_000119_000019_gtFine_instanceIds.png,477
berlin_000119_000019_gtFine_labelIds.png,478
berlin_000119_000019_gtFine_polygons.json,479
berlin_000120_000019_gtFine_color.png,480
berlin_000120_000019_gtFine_instanceIds.png,481
berlin_000120_000019_gtFine_labelIds.png,482
berlin_000120_000019_gtFine_polygons.json,483
berlin_000121_000019_gtFine_color.png,484
berlin_000121_000019_gtFine_instanceIds.png,485
berlin_000121_000019_gtFine_labelIds.png,486
berlin_000121_000019_gtFine_polygons.json,487
berlin_000122_000019_gtFine_color.png,488
berlin_000122_000019_gtFine_instanceIds.png,489
berlin_000122_000019_gtFine_labelIds.png,490
berlin_000122_000019_gtFine_polygons.json,491
berlin_000123_000019_gtFine_color.png,492
berlin_000123_000019_gtFine_instanceIds.png,493
berlin_000123_000019_gtFine_labelIds.png,494
berlin_000123_000019_gtFine_polygons.json,495
berlin_000124_000019_gtFine_color.png,496
berlin_000124_000019_gtFine_instanceIds.png,497
berlin_000124_000019_gtFine_labelIds.png,498
berlin_000124_000019_gtFine_polygons.json,499
berlin_000125_000019_gtFine_color.png,500
berlin_000125_000019_gtFine_instanceIds.png,501
berlin_000125_000019_gtFine_labelIds.png,502
berlin_000125_000019_gtFine_polygons.json,503
berlin_000126_000019_gtFine_color.png,504
berlin_000126_000019_gtFine_instanceIds.png,505
berlin_000126_000019_gtFine_labelIds.png,506
berlin_000126_000019_gtFine_polygons.json,507
berlin_000127_000019_gtFine_color.png,508
berlin_000127_000019_gtFine_instanceIds.png,509
berlin_000127_000019_gtFine_labelIds.png,510
berlin_000127_000019_gtFine_polygons.json,511
berlin_000128_000019_gtFine_color.png,512
berlin_000128_000019_gtFine_instanceIds.png,513
berlin_000128_000019_gtFine_labelIds.png,514
berlin_000128_000019_gtFine_polygons.json,515
berlin_000129_000019_gtFine_color.png,516
berlin_000129_000019_gtFine_instanceIds.png,517
berlin_000129_000019_gtFine_labelIds.png,518
berlin_000129_000019_gtFine_polygons.json,519
berlin_000130_000019_gtFine_color.png,520
berlin_000130_000019_gtFine_instanceIds.png,521
berlin_000130_000019_gtFine_labelIds.png,522
berlin_000130_000019_gtFine_polygons.json,523
berlin_000131_000019_gtFine_color.png,524
berlin_000131_000019_gtFine_instanceIds.png,525
berlin_000131_000019_gtFine_labelIds.png,526
berlin_000131_000019_gtFine_polygons.json,527
berlin_000132_000019_gtFine_color.png,528
berlin_000132_000019_gtFine_instanceIds.png,529
berlin_000132_000019_gtFine_labelIds.png,530
berlin_000132_000019_gtFine_polygons.json,531
berlin_000133_000019_gtFine_color.png,532
berlin_000133_000019_gtFine_instanceIds.png,533
berlin_000133_000019_gtFine_labelIds.png,534
berlin_000133_000019_gtFine_polygons.json,535
berlin_000134_000019_gtFine_color.png,536
berlin_000134_000019_gtFine_instanceIds.png,537
berlin_000134_000019_gtFine_labelIds.png,538
berlin_000134_000019_gtFine_polygons.json,539
berlin_000135_000019_gtFine_color.png,540
berlin_000135_000019_gtFine_instanceIds.png,541
berlin_000135_000019_gtFine_labelIds.png,542
berlin_000135_000019_gtFine_polygons.json,543
berlin_000136_000019_gtFine_color.png,544
berlin_000136_000019_gtFine_instanceIds.png,545
berlin_000136_000019_gtFine_labelIds.png,546
berlin_000136_000019_gtFine_polygons.json,547
berlin_000137_000019_gtFine_color.png,548
berlin_000137_000019_gtFine_instanceIds.png,549
berlin_000137_000019_gtFine_labelIds.png,550
berlin_000137_000019_gtFine_polygons.json,551
berlin_000138_000019_gtFine_color.png,552
berlin_000138_000019_gtFine_instanceIds.png,553
berlin_000138_000019_gtFine_labelIds.png,554
berlin_000138_000019_gtFine_polygons.json,555
berlin_000139_000019_gtFine_color.png,556
berlin_000139_000019_gtFine_instanceIds.png,557
berlin_000139_000019_gtFine_labelIds.png,558
berlin_000139_000019_gtFine_polygons.json,559
berlin_000140_000019_gtFine_color.png,560
berlin_000140_000019_gtFine_instanceIds.png,561
berlin_000140_000019_gtFine_labelIds.png,562
berlin_000140_000019_gtFine_polygons.json,563
berlin_000141_000019_gtFine_color.png,564
berlin_000141_000019_gtFine_instanceIds.png,565
berlin_000141_000019_gtFine_labelIds.png,566
berlin_000141_000019_gtFine_polygons.json,567
berlin_000142_000019_gtFine_color.png,568
berlin_000142_000019_gtFine_instanceIds.png,569
berlin_000142_000019_gtFine_labelIds.png,570
berlin_000142_000019_gtFine_polygons.json,571
berlin_000143_000019_gtFine_color.png,572
berlin_000143_000019_gtFine_instanceIds.png,573
berlin_000143_000019_gtFine_labelIds.png,574
berlin_000143_000019_gtFine_polygons.json,575
berlin_000144_000019_gtFine_color.png,576
berlin_000144_000019_gtFine_instanceIds.png,577
berlin_000144_000019_gtFine_labelIds.png,578
berlin_000144_000019_gtFine_polygons.json,579
berlin_000145_000019_gtFine_color.png,580
berlin_000145_000019_gtFine_instanceIds.png,581
berlin_000145_000019_gtFine_labelIds.png,582
berlin_000145_000019_gtFine_polygons.json,583
berlin_000146_000019_gtFine_color.png,584
berlin_000146_000019_gtFine_instanceIds.png,585
berlin_000146_000019_gtFine_labelIds.png,586
berlin_000146_000019_gtFine_polygons.json,587
berlin_000147_000019_gtFine_color.png,588
berlin_000147_000019_gtFine_instanceIds.png,589
berlin_000147_000019_gtFine_labelIds.png,590
berlin_000147_000019_gtFine_polygons.json,591
berlin_000148_000019_gtFine_color.png,592
berlin_000148_000019_gtFine_instanceIds.png,593
berlin_000148_000019_gtFine_labelIds.png,594
berlin_000148_000019_gtFine_polygons.json,595
berlin_000149_000019_gtFine_color.png,596
berlin_000149_000019_gtFine_instanceIds.png,597
berlin_000149_000019_gtFine_labelIds.png,598
berlin_000149_000019_gtFine_polygons.json,599
berlin_000150_000019_gtFine_color.png,600
berlin_000150_000019_gtFine_instanceIds.png,601
berlin_000150_000019_gtFine_labelIds.png,602
berlin_000150_000019_gtFine_polygons.json,603
berlin_000151_000019_gtFine_color.png,604
berlin_000151_000019_gtFine_instanceIds.png,605
berlin_000151_000019_gtFine_labelIds.png,606
berlin_000151_000019_gtFine_polygons.json,607
berlin_000152_000019_gtFine_color.png,608
berlin_000152_000019_gtFine_instanceIds.png,609
berlin_000152_000019_gtFine_labelIds.png,610
berlin_000152_000019_gtFine_polygons.json,611
berlin_000153_000019_gtFine_color.png,612
berlin_000153_000019_gtFine_instanceIds.png,613
berlin_000153_000019_gtFine_labelIds.png,614
berlin_000153_000019_gtFine_polygons.json,615
berlin_000154_000019_gtFine_color.png,616
berlin_000154_000019_gtFine_instanceIds.png,617
berlin_000154_000019_gtFine_labelIds.png,618
berlin_000154_000019_gtFine_polygons.json,619
berlin_000155_000019_gtFine_color.png,620
berlin_000155_000019_gtFine_instanceIds.png,621
berlin_000155_000019_gtFine_labelIds.png,622
berlin_000155_000019_gtFine_polygons.json,623
berlin_000156_000019_gtFine_color.png,624
berlin_000156_000019_gtFine_instanceIds.png,625
berlin_000156_000019_gtFine_labelIds.png,626
berlin_000156_000019_gtFine_polygons.json,627
berlin_000157_000019_gtFine_color.png,628
berlin_000157_000019_gtFine_instanceIds.png,629
berlin_000157_000019_gtFine_labelIds.png,630
berlin_000157_000019_gtFine_polygons.json,631
berlin_000158_000019_gtFine_color.png,632
berlin_000158_000019_gtFine_instanceIds.png,633
berlin_000158_000019_gtFine_labelIds.png,634
berlin_000158_000019_gtFine_polygons.json,635
berlin_000159_000019_gtFine_color.png,636
berlin_000159_000019_gtFine_instanceIds.png,637
berlin_000159_000019_gtFine_labelIds.png,638
berlin_000159_000019_gtFine_polygons.json,639
berlin_000160_000019_gtFine_color.png,640
berlin_000160_000019_gtFine_instanceIds.png,641
berlin_000160_000019_gtFine_labelIds.png,642
berlin_000160_000019_gtFine_polygons.json,643
berlin_000161_000019_gtFine_color.png,644
berlin_000161_000019_gtFine_instanceIds.png,645
berlin_000161_000019_gtFine_labelIds.png,646
berlin_000161_000019_gtFine_polygons.json,647
berlin_000162_000019_gtFine_color.png,648
berlin_000162_000019_gtFine_instanceIds.png,649
berlin_000162_000019_gtFine_labelIds.png,650
berlin_000162_000019_gtFine_polygons.json,651
berlin_000163_000019_gtFine_color.png,652
berlin_000163_000019_gtFine_instanceIds.png,653
berlin_000163_000019_gtFine_labelIds.png,654
berlin_000163_000019_gtFine_polygons.json,655
berlin_000164_000019_gtFine_color.png,656
berlin_000164_000019_gtFine_instanceIds.png,657
berlin_000164_000019_gtFine_labelIds.png,658
berlin_000164_000019_gtFine_polygons.json,659
berlin_000165_000019_gtFine_color.png,660
berlin_000165_000019_gtFine_instanceIds.png,661
berlin_000165_000019_gtFine_labelIds.png,662
berlin_000165_000019_gtFine_polygons.json,663
berlin_000166_000019_gtFine_color.png,664
berlin_000166_000019_gtFine_instanceIds.png,665
berlin_000166_000019_gtFine_labelIds.png,666
berlin_000166_000019_gtFine_polygons.json,667
berlin_000167_000019_gtFine_color.png,668
berlin_000167_000019_gtFine_instanceIds.png,669
berlin_000167_000019_gtFine_labelIds.png,670
berlin_000167_000019_gtFine_polygons.json,671
berlin_000168_000019_gtFine_color.png,672
berlin_000168_000019_gtFine_instanceIds.png,673
berlin_000168_000019_gtFine_labelIds.png,674
berlin_000168_000019_gtFine_polygons.json,675
berlin_000169_000019_gtFine_color.png,676
berlin_000169_000019_gtFine_instanceIds.png,677
berlin_000169_000019_gtFine_labelIds.png,678
berlin_000169_000019_gtFine_polygons.json,679
berlin_000170_000019_gtFine_color.png,680
berlin_000170_000019_gtFine_instanceIds.png,681
berlin_000170_000019_gtFine_labelIds.png,682
berlin_000170_000019_gtFine_polygons.json,683
berlin_000171_000019_gtFine_color.png,684
berlin_000171_000019_gtFine_instanceIds.png,685
berlin_000171_000019_gtFine_labelIds.png,686
berlin_000171_000019_gtFine_polygons.json,687
berlin_000172_000019_gtFine_color.png,688
berlin_000172_000019_gtFine_instanceIds.png,689
berlin_000172_000019_gtFine_labelIds.png,690
berlin_000172_000019_gtFine_polygons.json,691
berlin_000173_000019_gtFine_color.png,692
berlin_000173_000019_gtFine_instanceIds.png,693
berlin_000173_000019_gtFine_labelIds.png,694
berlin_000173_000019_gtFine_polygons.json,695
berlin_000174_000019_gtFine_color.png,696
berlin_000174_000019_gtFine_instanceIds.png,697
berlin_000174_000019_gtFine_labelIds.png,698
berlin_000174_000019_gtFine_polygons.json,699
berlin_000175_000019_gtFine_color.png,700
berlin_000175_000019_gtFine_instanceIds.png,701
berlin_000175_000019_gtFine_labelIds.png,702
berlin_000175_000019_gtFine_polygons.json,703
berlin_000176_000019_gtFine_color.png,704
berlin_000176_000019_gtFine_instanceIds.png,705
berlin_000176_000019_gtFine_labelIds.png,706
berlin_000176_000019_gtFine_polygons.json,707
berlin_000177_000019_gtFine_color.png,708
berlin_000177_000019_gtFine_instanceIds.png,709
berlin_000177_000019_gtFine_labelIds.png,710
berlin_000177_000019_gtFine_polygons.json,711
berlin_000178_000019_gtFine_color.png,712
berlin_000178_000019_gtFine_instanceIds.png,713
berlin_000178_000019_gtFine_labelIds.png,714
berlin_000178_000019_gtFine_polygons.json,715
berlin_000179_000019_gtFine_color.png,716
berlin_000179_000019_gtFine_instanceIds.png,717
berlin_000179_000019_gtFine_labelIds.png,718
berlin_000179_000019_gtFine_polygons.json,719
berlin_000180_000019_gtFine_color.png,720
berlin_000180_000019_gtFine_instanceIds.png,721
berlin_000180_000019_gtFine_labelIds.png,722
berlin_000180_000019_gtFine_polygons.json,723
berlin_000181_000019_gtFine_color.png,724
berlin_000181_000019_gtFine_instanceIds.png,725
berlin_000181_000019_gtFine_labelIds.png,726
berlin_000181_000019_gtFine_polygons.json,727
berlin_000182_000019_gtFine_color.png,728
berlin_000182_000019_gtFine_instanceIds.png,729
berlin_000182_000019_gtFine_labelIds.png,730
berlin_000182_000019_gtFine_polygons.json,731
berlin_000183_000019_gtFine_color.png,732
berlin_000183_000019_gtFine_instanceIds.png,733
berlin_000183_000019_gtFine_labelIds.png,734
berlin_000183_000019_gtFine_polygons.json,735
berlin_000184_000019_gtFine_color.png,736
berlin_000184_000019_gtFine_instanceIds.png,737
berlin_000184_000019_gtFine_labelIds.png,738
berlin_000184_000019_gtFine_polygons.json,739
berlin_000185_000019_gtFine_color.png,740
berlin_000185_000019_gtFine_instanceIds.png,741
berlin_000185_000019_gtFine_labelIds.png,742
berlin_000185_000019_gtFine_polygons.json,743
berlin_000186_000019_gtFine_color.png,744
berlin_000186_000019_gtFine_instanceIds.png,745
berlin_000186_000019_gtFine_labelIds.png,746
berlin_000186_000019_gtFine_polygons.json,747
berlin_000187_000019_gtFine_color.png,748
berlin_000187_000019_gtFine_instanceIds.png,749
berlin_000187_000019_gtFine_labelIds.png,750
berlin_000187_000019_gtFine_polygons.json,751
berlin_000188_000019_gtFine_color.png,752
berlin_000188_000019_gtFine_instanceIds.png,753
berlin_000188_000019_gtFine_labelIds.png,754
berlin_000188_000019_gtFine_polygons.json,755
berlin_000189_000019_gtFine_color.png,756
berlin_000189_000019_gtFine_instanceIds.png,757
berlin_000189_000019_gtFine_labelIds.png,758
berlin_000189_000019_gtFine_polygons.json,759
berlin_000190_000019_gtFine_color.png,760
berlin_000190_000019_gtFine_instanceIds.png,761
berlin_000190_000019_gtFine_labelIds.png,762
berlin_000190_000019_gtFine_polygons.json,763
berlin_000191_000019_gtFine_color.png,764
berlin_000191_000019_gtFine_instanceIds.png,765
berlin_000191_000019_gtFine_labelIds.png,766
berlin_000191_000019_gtFine_polygons.json,767
berlin_000192_000019_gtFine_color.png,768
berlin_000192_000019_gtFine_instanceIds.png,769
berlin_000192_000019_gtFine_labelIds.png,770
berlin_000192_000019_gtFine_polygons.json,771
berlin_000193_000019_gtFine_color.png,772
berlin_000193_000019_gtFine_instanceIds.png,773
berlin_000193_000019_gtFine_labelIds.png,774
berlin_000193_000019_gtFine_polygons.json,775
berlin_000194_000019_gtFine_color.png,776
berlin_000194_000019_gtFine_instanceIds.png,777
berlin_000194_000019_gtFine_labelIds.png,778
berlin_000194_000019_gtFine_polygons.json,779
berlin_000195_000019_gtFine_color.png,780
berlin_000195_000019_gtFine_instanceIds.png,781
berlin_000195_000019_gtFine_labelIds.png,782
berlin_000195_000019_gtFine_polygons.json,783
berlin_000196_000019_gtFine_color.png,784
berlin_000196_000019_gtFine_instanceIds.png,785
berlin_000196_000019_gtFine_labelIds.png,786
berlin_000196_000019_gtFine_polygons.json,787
berlin_000197_000019_gtFine_color.png,788
berlin_000197_000019_gtFine_instanceIds.png,789
berlin_000197_000019_gtFine_labelIds.png,790
berlin_000197_000019_gtFine_polygons.json,791
berlin_000198_000019_gtFine_color.png,792
berlin_000198_000019_gtFine_instanceIds.png,793
berlin_000198_000019_gtFine_labelIds.png,794
berlin_000198_000019_gtFine_polygons.json,795
berlin_000199_000019_gtFine_color.png,796
berlin_000199_000019_gtFine_instanceIds.png,797
berlin_000199_000019_gtFine_labelIds.png,798
berlin_000199_000019_gtFine_polygons.json,799
berlin_000200_000019_gtFine_color.png,800
berlin_000200_000019_gtFine_instanceIds.png,801
berlin_000200_000019_gtFine_labelIds.png,802
berlin_000200_000019_gtFine_polygons.json,803
berlin_000201_000019_gtFine_color.png,804
berlin_000201_000019_gtFine_instanceIds.png,805
berlin_000201_000019_gtFine_labelIds.png,806
berlin_000201_000019_gtFine_polygons.json,807
berlin_000202_000019_gtFine_color.png,808
berlin_000202_000019_gtFine_instanceIds.png,809
berlin_000202_000019_gtFine_labelIds.png,810
berlin_000202_000019_gtFine_polygons.json,811
berlin_000203_000019_gtFine_color.png,812
berlin_000203_000019_gtFine_instanceIds.png,813
berlin_000203_000019_gtFine_labelIds.png,814
berlin_000203_000019_gtFine_polygons.json,815
berlin_000204_000019_gtFine_color.png,816
berlin_000204_000019_gtFine_instanceIds.png,817
berlin_000204_000019_gtFine_labelIds.png,818
berlin_000204_000019_gtFine_polygons.json,819
berlin_000205_000019_gtFine_color.png,820
berlin_000205_000019_gtFine_instanceIds.png,821
berlin_000205_000019_gtFine_labelIds.png,822
berlin_000205_000019_gtFine_polygons.json,823
berlin_000206_000019_gtFine_color.png,824
berlin_000206_000019_gtFine_instanceIds.png,825
berlin_000206_000019_gtFine_labelIds.png,826
berlin_000206_000019_gtFine_polygons.json,827
berlin_000207_000019_gtFine_color.png,828
berlin_000207_000019_gtFine_instanceIds.png,829
berlin_000207_000019_gtFine_labelIds.png,830
berlin_000207_000019_gtFine_polygons.json,831
berlin_000208_000019_gtFine_color.png,832
berlin_000208_000019_gtFine_instanceIds.png,833
berlin_000208_000019_gtFine_labelIds.png,834
berlin_000208_000019_gtFine_polygons.json,835
berlin_000209_000019_gtFine_color.png,836
berlin_000209_000019_gtFine_instanceIds.png,837
berlin_000209_000019_gtFine_labelIds.png,838
berlin_000209_000019_gtFine_polygons.json,839
berlin_000210_000019_gtFine_color.png,840
berlin_000210_000019_gtFine_instanceIds.png,841
berlin_000210_000019_gtFine_labelIds.png,842
berlin_000210_000019_gtFine_polygons.json,843
berlin_000211_000019_gtFine_color.png,844
berlin_000211_000019_gtFine_instanceIds.png,845
berlin_000211_000019_gtFine_labelIds.png,846
berlin_000211_000019_gtFine_polygons.json,847
berlin_000212_000019_gtFine_color.png,848
berlin_000212_000019_gtFine_instanceIds.png,849
berlin_000212_000019_gtFine_labelIds.png,850
berlin_000212_000019_gtFine_polygons.json,851
berlin_000213_000019_gtFine_color.png,852
berlin_000213_000019_gtFine_instanceIds.png,853
berlin_000213_000019_gtFine_labelIds.png,854
berlin_000213_000019_gtFine_polygons.json,855
berlin_000214_000019_gtFine_color.png,856
berlin_000214_000019_gtFine_instanceIds.png,857
berlin_000214_000019_gtFine_labelIds.png,858
berlin_000214_000019_gtFine_polygons.json,859
berlin_000215_000019_gtFine_color.png,860
berlin_000215_000019_gtFine_instanceIds.png,861
berlin_000215_000019_gtFine_labelIds.png,862
berlin_000215_000019_gtFine_polygons.json,863
berlin_000216_000019_gtFine_color.png,864
berlin_000216_000019_gtFine_instanceIds.png,865
berlin_000216_000019_gtFine_labelIds.png,866
berlin_000216_000019_gtFine_polygons.json,867
berlin_000217_000019_gtFine_color.png,868
berlin_000217_000019_gtFine_instanceIds.png,869
berlin_000217_000019_gtFine_labelIds.png,870
berlin_000217_000019_gtFine_polygons.json,871
berlin_000218_000019_gtFine_color.png,872
berlin_000218_000019_gtFine_instanceIds.png,873
berlin_000218_000019_gtFine_labelIds.png,874
berlin_000218_000019_gtFine_polygons.json,875
berlin_000219_000019_gtFine_color.png,876
berlin_000219_000019_gtFine_instanceIds.png,877
berlin_000219_000019_gtFine_labelIds.png,878
berlin_000219_000019_gtFine_polygons.json,879
berlin_000220_000019_gtFine_color.png,880
berlin_000220_000019_gtFine_instanceIds.png,881
berlin_000220_000019_gtFine_labelIds.png,882
berlin_000220_000019_gtFine_polygons.json,883
berlin_000221_000019_gtFine_color.png,884
berlin_000221_000019_gtFine_instanceIds.png,885
berlin_000221_000019_gtFine_labelIds.png,886
berlin_000221_000019_gtFine_polygons.json,887
berlin_000222_000019_gtFine_color.png,888
berlin_000222_000019_gtFine_instanceIds.png,889
berlin_000222_000019_gtFine_labelIds.png,890
berlin_000222_000019_gtFine_polygons.json,891
berlin_000223_000019_gtFine_color.png,892
berlin_000223_000019_gtFine_instanceIds.png,893
berlin_000223_000019_gtFine_labelIds.png,894
berlin_000223_000019_gtFine_polygons.json,895
berlin_000224_000019_gtFine_color.png,896
berlin_000224_000019_gtFine_instanceIds.png,897
berlin_000224_000019_gtFine_labelIds.png,898
berlin_000224_000019_gtFine_polygons.json,899
berlin_000225_000019_gtFine_color.png,900
berlin_000225_000019_gtFine_instanceIds.png,901
berlin_000225_000019_gtFine_labelIds.png,902
berlin_000225_000019_gtFine_polygons.json,903
berlin_000226_000019_gtFine_color.png,904
berlin_000226_000019_gtFine_instanceIds.png,905
berlin_000226_000019_gtFine_labelIds.png,906
berlin_000226_000019_gtFine_polygons.json,907
berlin_000227_000019_gtFine_color.png,908
berlin_000227_000019_gtFine_instanceIds.png,909
berlin_000227_000019_gtFine_labelIds.png,910
berlin_000227_000019_gtFine_polygons.json,911
berlin_000228_000019_gtFine_color.png,912
berlin_000228_000019_gtFine_instanceIds.png,913
berlin_000228_000019_gtFine_labelIds.png,914
berlin_000228_000019_gtFine_polygons.json,915
berlin_000229_000019_gtFine_color.png,916
berlin_000229_000019_gtFine_instanceIds.png,917
berlin_000229_000019_gtFine_labelIds.png,918
berlin_000229_000019_gtFine_polygons.json,919
berlin_000230_000019_gtFine_color.png,920
berlin_000230_000019_gtFine_instanceIds.png,921
berlin_000230_000019_gtFine_labelIds.png,922
berlin_000230_000019_gtFine_polygons.json,923
berlin_000231_000019_gtFine_color.png,924
berlin_000231_000019_gtFine_instanceIds.png,925
berlin_000231_000019_gtFine_labelIds.png,926
berlin_000231_000019_gtFine_polygons.json,927
berlin_000232_000019_gtFine_color.png,928
berlin_000232_000019_gtFine_instanceIds.png,929
berlin_000232_000019_gtFine_labelIds.png,930
berlin_000232_000019_gtFine_polygons.json,931
berlin_000233_000019_gtFine_color.png,932
berlin_000233_000019_gtFine_instanceIds.png,933
berlin_000233_000019_gtFine_labelIds.png,934
berlin_000233_000019_gtFine_polygons.json,935
berlin_000234_000019_gtFine_color.png,936
berlin_000234_000019_gtFine_instanceIds.png,937
berlin_000234_000019_gtFine_labelIds.png,938
berlin_000234_000019_gtFine_polygons.json,939
berlin_000235_000019_gtFine_color.png,940
berlin_000235_000019_gtFine_instanceIds.png,941
berlin_000235_000019_gtFine_labelIds.png,942
berlin_000235_000019_gtFine_polygons.json,943
berlin_000236_000019_gtFine_color.png,944
berlin_000236_000019_gtFine_instanceIds.png,945
berlin_000236_000019_gtFine_labelIds.png,946
berlin_000236_000019_gtFine_polygons.json,947
berlin_000237_000019_gtFine_color.png,948
berlin_000237_000019_gtFine_instanceIds.png,949
berlin_000237_000019_gtFine_labelIds.png,950
berlin_000237_000019_gtFine_polygons.json,951
berlin_000238_000019_gtFine_color.png,952
berlin_000238_000019_gtFine_instanceIds.png,953
berlin_000238_000019_gtFine_labelIds.png,954
berlin_000238_000019_gtFine_polygons.json,955
berlin_000239_000019_gtFine_color.png,956
berlin_000239_000019_gtFine_instanceIds.png,957
berlin_000239_000019_gtFine_labelIds.png,958
berlin_000239_000019_gtFine_polygons.json,959
berlin_000240_000019_gtFine_color.png,960
berlin_000240_000019_gtFine_instanceIds.png,961
berlin_000240_000019_gtFine_labelIds.png,962
berlin_000240_000019_gtFine_polygons.json,963
berlin_000241_000019_gtFine_color.png,964
berlin_000241_000019_gtFine_instanceIds.png,965
berlin_000241_000019_gtFine_labelIds.png,966
berlin_000241_000019_gtFine_polygons.json,967
berlin_000242_000019_gtFine_color.png,968
berlin_000242_000019_gtFine_instanceIds.png,969
berlin_000242_000019_gtFine_labelIds.png,970
berlin_000242_000019_gtFine_polygons.json,971
berlin_000243_000019_gtFine_color.png,972
berlin_000243_000019_gtFine_instanceIds.png,973
berlin_000243_000019_gtFine_labelIds.png,974
berlin_000243_000019_gtFine_polygons.json,975
berlin_000244_000019_gtFine_color.png,976
berlin_000244_000019_gtFine_instanceIds.png,977
berlin_000244_000019_gtFine_labelIds.png,978
berlin_000244_000019_gtFine_polygons.json,979
berlin_000245_000019_gtFine_color.png,980
berlin_000245_000019_gtFine_instanceIds.png,981
berlin_000245_000019_gtFine_labelIds.png,982
berlin_000245_000019_gtFine_polygons.json,983
berlin_000246_000019_gtFine_color.png,984
berlin_000246_000019_gtFine_instanceIds.png,985
berlin_000246_000019_gtFine_labelIds.png,986
berlin_000246_000019_gtFine_polygons.json,987
berlin_000247_000019_gtFine_color.png,988
berlin_000247_000019_gtFine_instanceIds.png,989
berlin_000247_000019_gtFine_labelIds.png,990
berlin_000247_000019_gtFine_polygons.json,991
berlin_000248_000019_gtFine_color.png,992
berlin_000248_000019_gtFine_instanceIds.png,993
berlin_000248_000019_gtFine_labelIds.png,994
berlin_000248_000019_gtFine_polygons.json,995
berlin_000249_000019_gtFine_color.png,996
berlin_000249_000019_gtFine_instanceIds.png,997
berlin_000249_000019_gtFine_labelIds.png,998
berlin_000249_000019_gtFine_polygons.json,999
berlin_000250_000019_gtFine_color.png,1000
berlin_000250_000019_gtFine_instanceIds.png,1001
berlin_000250_000019_gtFine_labelIds.png,1002
berlin_000250_000019_gtFine_polygons.json,1003
berlin_000251_000019_gtFine_color.png,1004
berlin_000251_000019_gtFine_instanceIds.png,1005
berlin_000251_000019_gtFine_labelIds.png,1006
berlin_000251_000019_gtFine_polygons.json,1007
berlin_000252_000019_gtFine_color.png,1008
berlin_000252_000019_gtFine_instanceIds.png,1009
berlin_000252_000019_gtFine_labelIds.png,1010
berlin_000252_000019_gtFine_polygons.json,1011
berlin_000253_000019_gtFine_color.png,1012
berlin_000253_000019_gtFine_instanceIds.png,1013
berlin_000253_000019_gtFine_labelIds.png,1014
berlin_000253_000019_gtFine_polygons.json,1015
berlin_000254_000019_gtFine_color.png,1016
berlin_000254_000019_gtFine_instanceIds.png,1017
berlin_000254_000019_gtFine_labelIds.png,1018
berlin_000254_000019_gtFine_polygons.json,1019
berlin_000255_000019_gtFine_color.png,1020
berlin_000255_000019_gtFine_instanceIds.png,1021
berlin_000255_000019_gtFine_labelIds.png,1022
berlin_000255_000019_gtFine_polygons.json,1023
berlin_000256_000019_gtFine_color.png,1024
berlin_000256_000019_gtFine_instanceIds.png,1025
berlin_000256_000019_gtFine_labelIds.png,1026
berlin_000256_000019_gtFine_polygons.json,1027
berlin_000257_000019_gtFine_color.png,1028
berlin_000257_000019_gtFine_instanceIds.png,1029
berlin_000257_000019_gtFine_labelIds.png,1030
berlin_000257_000019_gtFine_polygons.json,1031
berlin_000258_000019_gtFine_color.png,1032
berlin_000258_000019_gtFine_instanceIds.png,1033
berlin_000258_000019_gtFine_labelIds.png,1034
berlin_000258_000019_gtFine_polygons.json,1035
berlin_000259_000019_gtFine_color.png,1036
berlin_000259_000019_gtFine_instanceIds.png,1037
berlin_000259_000019_gtFine_labelIds.png,1038
berlin_000259_000019_gtFine_polygons.json,1039
berlin_000260_000019_gtFine_color.png,1040
berlin_000260_000019_gtFine_instanceIds.png,1041
berlin_000260_000019_gtFine_labelIds.png,1042
berlin_000260_000019_gtFine_polygons.json,1043
berlin_000261_000019_gtFine_color.png,1044
berlin_000261_000019_gtFine_instanceIds.png,1045
berlin_000261_000019_gtFine_labelIds.png,1046
berlin_000261_000019_gtFine_polygons.json,1047
berlin_000262_000019_gtFine_color.png,1048
berlin_000262_000019_gtFine_instanceIds.png,1049
berlin_000262_000019_gtFine_labelIds.png,1050
berlin_000262_000019_gtFine_polygons.json,1051
berlin_000263_000019_gtFine_color.png,1052
berlin_000263_000019_gtFine_instanceIds.png,1053
berlin_000263_000019_gtFine_labelIds.png,1054
berlin_000263_000019_gtFine_polygons.json,1055
berlin_000264_000019_gtFine_color.png,1056
berlin_000264_000019_gtFine_instanceIds.png,1057
berlin_000264_000019_gtFine_labelIds.png,1058
berlin_000264_000019_gtFine_polygons.json,1059
berlin_000265_000019_gtFine_color.png,1060
berlin_000265_000019_gtFine_instanceIds.png,1061
berlin_000265_000019_gtFine_labelIds.png,1062
berlin_000265_000019_gtFine_polygons.json,1063
berlin_000266_000019_gtFine_color.png,1064
berlin_000266_000019_gtFine_instanceIds.png,1065
berlin_000266_000019_gtFine_labelIds.png,1066
berlin_000266_000019_gtFine_polygons.json,1067
berlin_000267_000019_gtFine_color.png,1068
berlin_000267_000019_gtFine_instanceIds.png,1069
berlin_000267_000019_gtFine_labelIds.png,1070
berlin_000267_000019_gtFine_polygons.json,1071
berlin_000268_000019_gtFine_color.png,1072
berlin_000268_000019_gtFine_instanceIds.png,1073
berlin_000268_000019_gtFine_labelIds.png,1074
berlin_000268_000019_gtFine_polygons.json,1075
berlin_000269_000019_gtFine_color.png,1076
berlin_000269_000019_gtFine_instanceIds.png,1077
berlin_000269_000019_gtFine_labelIds.png,1078
berlin_000269_000019_gtFine_polygons.json,1079
berlin_000270_000019_gtFine_color.png,1080
berlin_000270_000019_gtFine_instanceIds.png,1081
berlin_000270_000019_gtFine_labelIds.png,1082
berlin_000270_000019_gtFine_polygons.json,1083
berlin_000271_000019_gtFine_color.png,1084
berlin_000271_000019_gtFine_instanceIds.png,1085
berlin_000271_000019_gtFine_labelIds.png,1086
berlin_000271_000019_gtFine_polygons.json,1087
berlin_000272_000019_gtFine_color.png,1088
berlin_000272_000019_gtFine_instanceIds.png,1089
berlin_000272_000019_gtFine_labelIds.png,1090
berlin_000272_000019_gtFine_polygons.json,1091
berlin_000273_000019_gtFine_color.png,1092
berlin_000273_000019_gtFine_instanceIds.png,1093
berlin_000273_000019_gtFine_labelIds.png,1094
berlin_000273_000019_gtFine_polygons.json,1095
berlin_000274_000019_gtFine_color.png,1096
berlin_000274_000019_gtFine_instanceIds.png,1097
berlin_000274_000019_gtFine_labelIds.png,1098
berlin_000274_000019_gtFine_polygons.json,1099
berlin_000275_000019_gtFine_color.png,1100
berlin_000275_000019_gtFine_instanceIds.png,1101
berlin_000275_000019_gtFine_labelIds.png,1102
berlin_000275_000019_gtFine_polygons.json,1103
berlin_000276_000019_gtFine_color.png,1104
berlin_000276_000019_gtFine_instanceIds.png,1105
berlin_000276_000019_gtFine_labelIds.png,1106
berlin_000276_000019_gtFine_polygons.json,1107
berlin_000277_000019_gtFine_color.png,1108
berlin_000277_000019_gtFine_instanceIds.png,1109
berlin_000277_000019_gtFine_labelIds.png,1110
berlin_000277_000019_gtFine_polygons.json,1111
berlin_000278_000019_gtFine_color.png,1112
berlin_000278_000019_gtFine_instanceIds.png,1113
berlin_000278_000019_gtFine_labelIds.png,1114
berlin_000278_000019_gtFine_polygons.json,1115
berlin_000279_000019_gtFine_color.png,1116
berlin_000279_000019_gtFine_instanceIds.png,1117
berlin_000279_000019_gtFine_labelIds.png,1118
berlin_000279_000019_gtFine_polygons.json,1119
berlin_000280_000019_gtFine_color.png,1120
berlin_000280_000019_gtFine_instanceIds.png,1121
berlin_000280_000019_gtFine_labelIds.png,1122
berlin_000280_000019_gtFine_polygons.json,1123
berlin_000281_000019_gtFine_color.png,1124
berlin_000281_000019_gtFine_instanceIds.png,1125
berlin_000281_000019_gtFine_labelIds.png,1126
berlin_000281_000019_gtFine_polygons.json,1127
berlin_000282_000019_gtFine_color.png,1128
berlin_000282_000019_gtFine_instanceIds.png,1129
berlin_000282_000019_gtFine_labelIds.png,1130
berlin_000282_000019_gtFine_polygons.json,1131
berlin_000283_000019_gtFine_color.png,1132
berlin_000283_000019_gtFine_instanceIds.png,1133
berlin_000283_000019_gtFine_labelIds.png,1134
berlin_000283_000019_gtFine_polygons.json,1135
berlin_000284_000019_gtFine_color.png,1136
berlin_000284_000019_gtFine_instanceIds.png,1137
berlin_000284_000019_gtFine_labelIds.png,1138
berlin_000284_000019_gtFine_polygons.json,1139
berlin_000285_000019_gtFine_color.png,1140
berlin_000285_000019_gtFine_instanceIds.png,1141
berlin_000285_000019_gtFine_labelIds.png,1142
berlin_000285_000019_gtFine_polygons.json,1143
berlin_000286_000019_gtFine_color.png,1144
berlin_000286_000019_gtFine_instanceIds.png,1145
berlin_000286_000019_gtFine_labelIds.png,1146
berlin_000286_000019_gtFine_polygons.json,1147
berlin_000287_000019_gtFine_color.png,1148
berlin_000287_000019_gtFine_instanceIds.png,1149
berlin_000287_000019_gtFine_labelIds.png,1150
berlin_000287_000019_gtFine_polygons.json,1151
berlin_000288_000019_gtFine_color.png,1152
berlin_000288_000019_gtFine_instanceIds.png,1153
berlin_000288_000019_gtFine_labelIds.png,1154
berlin_000288_000019_gtFine_polygons.json,1155
berlin_000289_000019_gtFine_color.png,1156
berlin_000289_000019_gtFine_instanceIds.png,1157
berlin_000289_000019_gtFine_labelIds.png,1158
berlin_000289_000019_gtFine_polygons.json,1159
berlin_000290_000019_gtFine_color.png,1160
berlin_000290_000019_gtFine_instanceIds.png,1161
berlin_000290_000019_gtFine_labelIds.png,1162
berlin_000290_000019_gtFine_polygons.json,1163
berlin_000291_000019_gtFine_color.png,1164
berlin_000291_000019_gtFine_instanceIds.png,1165
berlin_000291_000019_gtFine_labelIds.png,1166
berlin_000291_000019_gtFine_polygons.json,1167
berlin_000292_000019_gtFine_color.png,1168
berlin_000292_000019_gtFine_instanceIds.png,1169
berlin_000292_000019_gtFine_labelIds.png,1170
berlin_000292_000019_gtFine_polygons.json,1171
berlin_000293_000019_gtFine_color.png,1172
berlin_000293_000019_gtFine_instanceIds.png,1173
berlin_000293_000019_gtFine_labelIds.png,1174
berlin_000293_000019_gtFine_polygons.json,1175
berlin_000294_000019_gtFine_color.png,1176
berlin_000294_000019_gtFine_instanceIds.png,1177
berlin_000294_000019_gtFine_labelIds.png,1178
berlin_000294_000019_gtFine_polygons.json,1179
berlin_000295_000019_gtFine_color.png,1180
berlin_000295_000019_gtFine_instanceIds.png,1181
berlin_000295_000019_gtFine_labelIds.png,1182
berlin_000295_000019_gtFine_polygons.json,1183
berlin_000296_000019_gtFine_color.png,1184
berlin_000296_000019_gtFine_instanceIds.png,1185
berlin_000296_000019_gtFine_labelIds.png,1186
berlin_000296_000019_gtFine_polygons.json,1187
berlin_000297_000019_gtFine_color.png,1188
berlin_000297_000019_gtFine_instanceIds.png,1189
berlin_000297_000019_gtFine_labelIds.png,1190
berlin_000297_000019_gtFine_polygons.json,1191
berlin_000298_000019_gtFine_color.png,1192
berlin_000298_000019_gtFine_instanceIds.png,1193
berlin_000298_000019_gtFine_labelIds.png,1194
berlin_000298_000019_gtFine_polygons.json,1195
berlin_000299_000019_gtFine_color.png,1196
berlin_000299_000019_gtFine_instanceIds.png,1197
berlin_000299_000019_gtFine_labelIds.png,1198
berlin_000299_000019_gtFine_polygons.json,1199
berlin_000300_000019_gtFine_color.png,1200
berlin_000300_000019_gtFine_instanceIds.png,1201
berlin_000300_000019_gtFine_labelIds.png,1202
berlin_000300_000019_gtFine_polygons.json,1203
berlin_000301_000019_gtFine_color.png,1204
berlin_000301_000019_gtFine_instanceIds.png,1205
berlin_000301_000019_gtFine_labelIds.png,1206
berlin_000301_000019_gtFine_polygons.json,1207
berlin_000302_000019_gtFine_color.png,1208
berlin_000302_000019_gtFine_instanceIds.png,1209
berlin_000302_000019_gtFine_labelIds.png,1210
berlin_000302_000019_gtFine_polygons.json,1211
berlin_000303_000019_gtFine_color.png,1212
berlin_000303_000019_gtFine_instanceIds.png,1213
berlin_000303_000019_gtFine_labelIds.png,1214
berlin_000303_000019_gtFine_polygons.json,1215
berlin_000304_000019_gtFine_color.png,1216
berlin_000304_000019_gtFine_instanceIds.png,1217
berlin_000304_000019_gtFine_labelIds.png,1218
berlin_000304_000019_gtFine_polygons.json,1219
berlin_000305_000019_gtFine_color.png,1220
berlin_000305_000019_gtFine_instanceIds.png,1221
berlin_000305_000019_gtFine_labelIds.png,1222
berlin_000305_000019_gtFine_polygons.json,1223
berlin_000306_000019_gtFine_color.png,1224
berlin_000306_000019_gtFine_instanceIds.png,1225
berlin_000306_000019_gtFine_labelIds.png,1226
berlin_000306_000019_gtFine_polygons.json,1227
berlin_000307_000019_gtFine_color.png,1228
berlin_000307_000019_gtFine_instanceIds.png,1229
berlin_000307_000019_gtFine_labelIds.png,1230
berlin_000307_000019_gtFine_polygons.json,1231
berlin_000308_000019_gtFine_color.png,1232
berlin_000308_000019_gtFine_instanceIds.png,1233
berlin_000308_000019_gtFine_labelIds.png,1234
berlin_000308_000019_gtFine_polygons.json,1235
berlin_000309_000019_gtFine_color.png,1236
berlin_000309_000019_gtFine_instanceIds.png,1237
berlin_000309_000019_gtFine_labelIds.png,1238
berlin_000309_000019_gtFine_polygons.json,1239
berlin_000310_000019_gtFine_color.png,1240
berlin_000310_000019_gtFine_instanceIds.png,1241
berlin_000310_000019_gtFine_labelIds.png,1242
berlin_000310_000019_gtFine_polygons.json,1243
berlin_000311_000019_gtFine_color.png,1244
berlin_000311_000019_gtFine_instanceIds.png,1245
berlin_000311_000019_gtFine_labelIds.png,1246
berlin_000311_000019_gtFine_polygons.json,1247
berlin_000312_000019_gtFine_color.png,1248
berlin_000312_000019_gtFine_instanceIds.png,1249
berlin_000312_000019_gtFine_labelIds.png,1250
berlin_000312_000019_gtFine_polygons.json,1251
berlin_000313_000019_gtFine_color.png,1252
berlin_000313_000019_gtFine_instanceIds.png,1253
berlin_000313_000019_gtFine_labelIds.png,1254
berlin_000313_000019_gtFine_polygons.json,1255
berlin_000314_000019_gtFine_color.png,1256
berlin_000314_000019_gtFine_instanceIds.png,1257
berlin_000314_000019_gtFine_labelIds.png,1258
berlin_000314_000019_gtFine_polygons.json,1259
berlin_000315_000019_gtFine_color.png,1260
berlin_000315_000019_gtFine_instanceIds.png,1261
berlin_000315_000019_gtFine_labelIds.png,1262
berlin_000315_000019_gtFine_polygons.json,1263
berlin_000316_000019_gtFine_color.png,1264
berlin_000316_000019_gtFine_instanceIds.png,1265
berlin_000316_000019_gtFine_labelIds.png,1266
berlin_000316_000019_gtFine_polygons.json,1267
berlin_000317_000019_gtFine_color.png,1268
berlin_000317_000019_gtFine_instanceIds.png,1269
berlin_000317_000019_gtFine_labelIds.png,1270
berlin_000317_000019_gtFine_polygons.json,1271
berlin_000318_000019_gtFine_color.png,1272
berlin_000318_000019_gtFine_instanceIds.png,1273
berlin_000318_000019_gtFine_labelIds.png,1274
berlin_000318_000019_gtFine_polygons.json,1275
berlin_000319_000019_gtFine_color.png,1276
berlin_000319_000019_gtFine_instanceIds.png,1277
berlin_000319_000019_gtFine_labelIds.png,1278
berlin_000319_000019_gtFine_polygons.json,1279
berlin_000320_000019_gtFine_color.png,1280
berlin_000320_000019_gtFine_instanceIds.png,1281
berlin_000320_000019_gtFine_labelIds.png,1282
berlin_000320_000019_gtFine_polygons.json,1283
berlin_000321_000019_gtFine_color.png,1284
berlin_000321_000019_gtFine_instanceIds.png,1285
berlin_000321_000019_gtFine_labelIds.png,1286
berlin_000321_000019_gtFine_polygons.json,1287
berlin_000322_000019_gtFine_color.png,1288
berlin_000322_000019_gtFine_instanceIds.png,1289
berlin_000322_000019_gtFine_labelIds.png,1290
berlin_000322_000019_gtFine_polygons.json,1291
berlin_000323_000019_gtFine_color.png,1292
berlin_000323_000019_gtFine_instanceIds.png,1293
berlin_000323_000019_gtFine_labelIds.png,1294
berlin_000323_000019_gtFine_polygons.json,1295
berlin_000324_000019_gtFine_color.png,1296
berlin_000324_000019_gtFine_instanceIds.png,1297
berlin_000324_000019_gtFine_labelIds.png,1298
berlin_000324_000019_gtFine_polygons.json,1299
berlin_000325_000019_gtFine_color.png,1300
berlin_000325_000019_gtFine_instanceIds.png,1301
berlin_000325_000019_gtFine_labelIds.png,1302
berlin_000325_000019_gtFine_polygons.json,1303
berlin_000326_000019_gtFine_color.png,1304
berlin_000326_000019_gtFine_instanceIds.png,1305
berlin_000326_000019_gtFine_labelIds.png,1306
berlin_000326_000019_gtFine_polygons.json,1307
berlin_000327_000019_gtFine_color.png,1308
berlin_000327_000019_gtFine_instanceIds.png,1309
berlin_000327_000019_gtFine_labelIds.png,1310
berlin_000327_000019_gtFine_polygons.json,1311
berlin_000328_000019_gtFine_color.png,1312
berlin_000328_000019_gtFine_instanceIds.png,1313
berlin_000328_000019_gtFine_labelIds.png,1314
berlin_000328_000019_gtFine_polygons.json,1315
berlin_000329_000019_gtFine_color.png,1316
berlin_000329_000019_gtFine_instanceIds.png,1317
berlin_000329_000019_gtFine_labelIds.png,1318
berlin_000329_000019_gtFine_polygons.json,1319
berlin_000330_000019_gtFine_color.png,1320
berlin_000330_000019_gtFine_instanceIds.png,1321
berlin_000330_000019_gtFine_labelIds.png,1322
berlin_000330_000019_gtFine_polygons.json,1323
berlin_000331_000019_gtFine_color.png,1324
berlin_000331_000019_gtFine_instanceIds.png,1325
berlin_000331_000019_gtFine_labelIds.png,1326
berlin_000331_000019_gtFine_polygons.json,1327
berlin_000332_000019_gtFine_color.png,1328
berlin_000332_000019_gtFine_instanceIds.png,1329
berlin_000332_000019_gtFine_labelIds.png,1330
berlin_000332_000019_gtFine_polygons.json,1331
berlin_000333_000019_gtFine_color.png,1332
berlin_000333_000019_gtFine_instanceIds.png,1333
berlin_000333_000019_gtFine_labelIds.png,1334
berlin_000333_000019_gtFine_polygons.json,1335
berlin_000334_000019_gtFine_color.png,1336
berlin_000334_000019_gtFine_instanceIds.png,1337
berlin_000334_000019_gtFine_labelIds.png,1338
berlin_000334_000019_gtFine_polygons.json,1339
berlin_000335_000019_gtFine_color.png,1340
berlin_000335_000019_gtFine_instanceIds.png,1341
berlin_000335_000019_gtFine_labelIds.png,1342
berlin_000335_000019_gtFine_polygons.json,1343
berlin_000336_000019_gtFine_color.png,1344
berlin_000336_000019_gtFine_instanceIds.png,1345
berlin_000336_000019_gtFine_labelIds.png,1346
berlin_000336_000019_gtFine_polygons.json,1347
berlin_000337_000019_gtFine_color.png,1348
berlin_000337_000019_gtFine_instanceIds.png,1349
berlin_000337_000019_gtFine_labelIds.png,1350
berlin_000337_000019_gtFine_polygons.json,1351
berlin_000338_000019_gtFine_color.png,1352
berlin_000338_000019_gtFine_instanceIds.png,1353
berlin_000338_000019_gtFine_labelIds.png,1354
berlin_000338_000019_gtFine_polygons.json,1355
berlin_000339_000019_gtFine_color.png,1356
berlin_000339_000019_gtFine_instanceIds.png,1357
berlin_000339_000019_gtFine_labelIds.png,1358
berlin_000339_000019_gtFine_polygons.json,1359
berlin_000340_000019_gtFine_color.png,1360
berlin_000340_000019_gtFine_instanceIds.png,1361
berlin_000340_000019_gtFine_labelIds.png,1362
berlin_000340_000019_gtFine_polygons.json,1363
berlin_000341_000019_gtFine_color.png,1364
berlin_000341_000019_gtFine_instanceIds.png,1365
berlin_000341_000019_gtFine_labelIds.png,1366
berlin_000341_000019_gtFine_polygons.json,1367
berlin_000342_000019_gtFine_color.png,1368
berlin_000342_000019_gtFine_instanceIds.png,1369
berlin_000342_000019_gtFine_labelIds.png,1370
berlin_000342_000019_gtFine_polygons.json,1371
berlin_000343_000019_gtFine_color.png,1372
berlin_000343_000019_gtFine_instanceIds.png,1373
berlin_000343_000019_gtFine_labelIds.png,1374
berlin_000343_000019_gtFine_polygons.json,1375
berlin_000344_000019_gtFine_color.png,1376
berlin_000344_000019_gtFine_instanceIds.png,1377
berlin_000344_000019_gtFine_labelIds.png,1378
berlin_000344_000019_gtFine_polygons.json,1379
berlin_000345_000019_gtFine_color.png,1380
berlin_000345_000019_gtFine_instanceIds.png,1381
berlin_000345_000019_gtFine_labelIds.png,1382
berlin_000345_000019_gtFine_polygons.json,1383
berlin_000346_000019_gtFine_color.png,1384
berlin_000346_000019_gtFine_instanceIds.png,1385
berlin_000346_000019_gtFine_labelIds.png,1386
berlin_000346_000019_gtFine_polygons.json,1387
berlin_000347_000019_gtFine_color.png,1388
berlin_000347_000019_gtFine_instanceIds.png,1389
berlin_000347_000019_gtFine_labelIds.png,1390
berlin_000347_000019_gtFine_polygons.json,1391
berlin_000348_000019_gtFine_color.png,1392
berlin_000348_000019_gtFine_instanceIds.png,1393
berlin_000348_000019_gtFine_labelIds.png,1394
berlin_000348_000019_gtFine_polygons.json,1395
berlin_000349_000019_gtFine_color.png,1396
berlin_000349_000019_gtFine_instanceIds.png,1397
berlin_000349_000019_gtFine_labelIds.png,1398
berlin_000349_000019_gtFine_polygons.json,1399
berlin_000350_000019_gtFine_color.png,1400
berlin_000350_000019_gtFine_instanceIds.png,1401
berlin_000350_000019_gtFine_labelIds.png,1402
berlin_000350_000019_gtFine_polygons.json,1403
berlin_000351_000019_gtFine_color.png,1404
berlin_000351_000019_gtFine_instanceIds.png,1405
berlin_000351_000019_gtFine_labelIds.png,1406
berlin_000351_000019_gtFine_polygons.json,1407
berlin_000352_000019_gtFine_color.png,1408
berlin_000352_000019_gtFine_instanceIds.png,1409
berlin_000352_000019_gtFine_labelIds.png,1410
berlin_000352_000019_gtFine_polygons.json,1411
berlin_000353_000019_gtFine_color.png,1412
berlin_000353_000019_gtFine_instanceIds.png,1413
berlin_000353_000019_gtFine_labelIds.png,1414
berlin_000353_000019_gtFine_polygons.json,1415
berlin_000354_000019_gtFine_color.png,1416
berlin_000354_000019_gtFine_instanceIds.png,1417
berlin_000354_000019_gtFine_labelIds.png,1418
berlin_000354_000019_gtFine_polygons.json,1419
berlin_000355_000019_gtFine_color.png,1420
berlin_000355_000019_gtFine_instanceIds.png,1421
berlin_000355_000019_gtFine_labelIds.png,1422
berlin_000355_000019_gtFine_polygons.json,1423
berlin_000356_000019_gtFine_color.png,1424
berlin_000356_000019_gtFine_instanceIds.png,1425
berlin_000356_000019_gtFine_labelIds.png,1426
berlin_000356_000019_gtFine_polygons.json,1427
berlin_000357_000019_gtFine_color.png,1428
berlin_000357_000019_gtFine_instanceIds.png,1429
berlin_000357_000019_gtFine_labelIds.png,1430
berlin_000357_000019_gtFine_polygons.json,1431
berlin_000358_000019_gtFine_color.png,1432
berlin_000358_000019_gtFine_instanceIds.png,1433
berlin_000358_000019_gtFine_labelIds.png,1434
berlin_000358_000019_gtFine_polygons.json,1435
berlin_000359_000019_gtFine_color.png,1436
berlin_000359_000019_gtFine_instanceIds.png,1437
berlin_000359_000019_gtFine_labelIds.png,1438
berlin_000359_000019_gtFine_polygons.json,1439
berlin_000360_000019_gtFine_color.png,1440
berlin_000360_000019_gtFine_instanceIds.png,1441
berlin_000360_000019_gtFine_labelIds.png,1442
berlin_000360_000019_gtFine_polygons.json,1443
berlin_000361_000019_gtFine_color.png,1444
berlin_000361_000019_gtFine_instanceIds.png,1445
berlin_000361_000019_gtFine_labelIds.png,1446
berlin_000361_000019_gtFine_polygons.json,1447
berlin_000362_000019_gtFine_color.png,1448
berlin_000362_000019_gtFine_instanceIds.png,1449
berlin_000362_000019_gtFine_labelIds.png,1450
berlin_000362_000019_gtFine_polygons.json,1451
berlin_000363_000019_gtFine_color.png,1452
berlin_000363_000019_gtFine_instanceIds.png,1453
berlin_000363_000019_gtFine_labelIds.png,1454
berlin_000363_000019_gtFine_polygons.json,1455
berlin_000364_000019_gtFine_color.png,1456
berlin_000364_000019_gtFine_instanceIds.png,1457
berlin_000364_000019_gtFine_labelIds.png,1458
berlin_000364_000019_gtFine_polygons.json,1459
berlin_000365_000019_gtFine_color.png,1460
berlin_000365_000019_gtFine_instanceIds.png,1461
berlin_000365_000019_gtFine_labelIds.png,1462
berlin_000365_000019_gtFine_polygons.json,1463
berlin_000366_000019_gtFine_color.png,1464
berlin_000366_000019_gtFine_instanceIds.png,1465
berlin_000366_000019_gtFine_labelIds.png,1466
berlin_000366_000019_gtFine_polygons.json,1467
berlin_000367_000019_gtFine_color.png,1468
berlin_000367_000019_gtFine_instanceIds.png,1469
berlin_000367_000019_gtFine_labelIds.png,1470
berlin_000367_000019_gtFine_polygons.json,1471
berlin_000368_000019_gtFine_color.png,1472
berlin_000368_000019_gtFine_instanceIds.png,1473
berlin_000368_000019_gtFine_labelIds.png,1474
berlin_000368_000019_gtFine_polygons.json,1475
berlin_000369_000019_gtFine_color.png,1476
berlin_000369_000019_gtFine_instanceIds.png,1477
berlin_000369_000019_gtFine_labelIds.png,1478
berlin_000369_000019_gtFine_polygons.json,1479
berlin_000370_000019_gtFine_color.png,1480
berlin_000370_000019_gtFine_instanceIds.png,1481
berlin_000370_000019_gtFine_labelIds.png,1482
berlin_000370_000019_gtFine_polygons.json,1483
berlin_000371_000019_gtFine_color.png,1484
berlin_000371_000019_gtFine_instanceIds.png,1485
berlin_000371_000019_gtFine_labelIds.png,1486
berlin_000371_000019_gtFine_polygons.json,1487
berlin_000372_000019_gtFine_color.png,1488
berlin_000372_000019_gtFine_instanceIds.png,1489
berlin_000372_000019_gtFine_labelIds.png,1490
berlin_000372_000019_gtFine_polygons.json,1491
berlin_000373_000019_gtFine_color.png,1492
berlin_000373_000019_gtFine_instanceIds.png,1493
berlin_000373_000019_gtFine_labelIds.png,1494
berlin_000373_000019_gtFine_polygons.json,1495
berlin_000374_000019_gtFine_color.png,1496
berlin_000374_000019_gtFine_instanceIds.png,1497
berlin_000374_000019_gtFine_labelIds.png,1498
berlin_000374_000019_gtFine_polygons.json,1499
berlin_000375_000019_gtFine_color.png,1500
berlin_000375_000019_gtFine_instanceIds.png,1501
berlin_000375_000019_gtFine_labelIds.png,1502
berlin_000375_000019_gtFine_polygons.json,1503
berlin_000376_000019_gtFine_color.png,1504
berlin_000376_000019_gtFine_instanceIds.png,1505
berlin_000376_000019_gtFine_labelIds.png,1506
berlin_000376_000019_gtFine_polygons.json,1507
berlin_000377_000019_gtFine_color.png,1508
berlin_000377_000019_gtFine_instanceIds.png,1509
berlin_000377_000019_gtFine_labelIds.png,1510
berlin_000377_000019_gtFine_polygons.json,1511
berlin_000378_000019_gtFine_color.png,1512
berlin_000378_000019_gtFine_instanceIds.png,1513
berlin_000378_000019_gtFine_labelIds.png,1514
berlin_000378_000019_gtFine_polygons.json,1515
berlin_000379_000019_gtFine_color.png,1516
berlin_000379_000019_gtFine_instanceIds.png,1517
berlin_000379_000019_gtFine_labelIds.png,1518
berlin_000379_000019_gtFine_polygons.json,1519
berlin_000380_000019_gtFine_color.png,1520
berlin_000380_000019_gtFine_instanceIds.png,1521
berlin_000380_000019_gtFine_labelIds.png,1522
berlin_000380_000019_gtFine_polygons.json,1523
berlin_000381_000019_gtFine_color.png,1524
berlin_000381_000019_gtFine_instanceIds.png,1525
berlin_000381_000019_gtFine_labelIds.png,1526
berlin_000381_000019_gtFine_polygons.json,1527
berlin_000382_000019_gtFine_color.png,1528
berlin_000382_000019_gtFine_instanceIds.png,1529
berlin_000382_000019_gtFine_labelIds.png,1530
berlin_000382_000019_gtFine_polygons.json,1531
berlin_000383_000019_gtFine_color.png,1532
berlin_000383_000019_gtFine_instanceIds.png,1533
berlin_000383_000019_gtFine_labelIds.png,1534
berlin_000383_000019_gtFine_polygons.json,1535
berlin_000384_000019_gtFine_color.png,1536
berlin_000384_000019_gtFine_instanceIds.png,1537
berlin_000384_000019_gtFine_labelIds.png,1538
berlin_000384_000019_gtFine_polygons.json,1539
berlin_000385_000019_gtFine_color.png,1540
berlin_000385_000019_gtFine_instanceIds.png,1541
berlin_000385_000019_gtFine_labelIds.png,1542
berlin_000385_000019_gtFine_polygons.json,1543
berlin_000386_000019_gtFine_color.png,1544
berlin_000386_000019_gtFine_instanceIds.png,1545
berlin_000386_000019_gtFine_labelIds.png,1546
berlin_000386_000019_gtFine_polygons.json,1547
berlin_000387_000019_gtFine_color.png,1548
berlin_000387_000019_gtFine_instanceIds.png,1549
berlin_000387_000019_gtFine_labelIds.png,1550
berlin_000387_000019_gtFine_polygons.json,1551
berlin_000388_000019_gtFine_color.png,1552
berlin_000388_000019_gtFine_instanceIds.png,1553
berlin_000388_000019_gtFine_labelIds.png,1554
berlin_000388_000019_gtFine_polygons.json,1555
berlin_000389_000019_gtFine_color.png,1556
berlin_000389_000019_gtFine_instanceIds.png,1557
berlin_000389_000019_gtFine_labelIds.png,1558
berlin_000389_000019_gtFine_polygons.json,1559
berlin_000390_000019_gtFine_color.png,1560
berlin_000390_000019_gtFine_instanceIds.png,1561
berlin_000390_000019_gtFine_labelIds.png,1562
berlin_000390_000019_gtFine_polygons.json,1563
berlin_000391_000019_gtFine_color.png,1564
berlin_000391_000019_gtFine_instanceIds.png,1565
berlin_000391_000019_gtFine_labelIds.png,1566
berlin_000391_000019_gtFine_polygons.json,1567
berlin_000392_000019_gtFine_color.png,1568
berlin_000392_000019_gtFine_instanceIds.png,1569
berlin_000392_000019_gtFine_labelIds.png,1570
berlin_000392_000019_gtFine_polygons.json,1571
berlin_000393_000019_gtFine_color.png,1572
berlin_000393_000019_gtFine_instanceIds.png,1573
berlin_000393_000019_gtFine_labelIds.png,1574
berlin_000393_000019_gtFine_polygons.json,1575
berlin_000394_000019_gtFine_color.png,1576
berlin_000394_000019_gtFine_instanceIds.png,1577
berlin_000394_000019_gtFine_labelIds.png,1578
berlin_000394_000019_gtFine_polygons.json,1579
berlin_000395_000019_gtFine_color.png,1580
berlin_000395_000019_gtFine_instanceIds.png,1581
berlin_000395_000019_gtFine_labelIds.png,1582
berlin_000395_000019_gtFine_polygons.json,1583
berlin_000396_000019_gtFine_color.png,1584
berlin_000396_000019_gtFine_instanceIds.png,1585
berlin_000396_000019_gtFine_labelIds.png,1586
berlin_000396_000019_gtFine_polygons.json,1587
berlin_000397_000019_gtFine_color.png,1588
berlin_000397_000019_gtFine_instanceIds.png,1589
berlin_000397_000019_gtFine_labelIds.png,1590
berlin_000397_000019_gtFine_polygons.json,1591
berlin_000398_000019_gtFine_color.png,1592
berlin_000398_000019_gtFine_instanceIds.png,1593
berlin_000398_000019_gtFine_labelIds.png,1594
berlin_000398_000019_gtFine_polygons.json,1595
berlin_000399_000019_gtFine_color.png,1596
berlin_000399_000019_gtFine_instanceIds.png,1597
berlin_000399_000019_gtFine_labelIds.png,1598
berlin_000399_000019_gtFine_polygons.json,1599
berlin_000400_000019_gtFine_color.png,1600
berlin_000400_000019_gtFine_instanceIds.png,1601
berlin_000400_000019_gtFine_labelIds.png,1602
berlin_000400_000019_gtFine_polygons.json,1603
berlin_000401_000019_gtFine_color.png,1604
berlin_000401_000019_gtFine_instanceIds.png,1605
berlin_000401_000019_gtFine_labelIds.png,1606
berlin_000401_000019_gtFine_polygons.json,1607
berlin_000402_000019_gtFine_color.png,1608
berlin_000402_000019_gtFine_instanceIds.png,1609
berlin_000402_000019_gtFine_labelIds.png,1610
berlin_000402_000019_gtFine_polygons.json,1611
berlin_000403_000019_gtFine_color.png,1612
berlin_000403_000019_gtFine_instanceIds.png,1613
berlin_000403_000019_gtFine_labelIds.png,1614
berlin_000403_000019_gtFine_polygons.json,1615
berlin_000404_000019_gtFine_color.png,1616
berlin_000404_000019_gtFine_instanceIds.png,1617
berlin_000404_000019_gtFine_labelIds.png,1618
berlin_000404_000019_gtFine_polygons.json,1619
berlin_000405_000019_gtFine_color.png,1620
berlin_000405_000019_gtFine_instanceIds.png,1621
berlin_000405_000019_gtFine_labelIds.png,1622
berlin_000405_000019_gtFine_polygons.json,1623
berlin_000406_000019_gtFine_color.png,1624
berlin_000406_000019_gtFine_instanceIds.png,1625
berlin_000406_000019_gtFine_labelIds.png,1626
berlin_000406_000019_gtFine_polygons.json,1627
berlin_000407_000019_gtFine_color.png,1628
berlin_000407_000019_gtFine_instanceIds.png,1629
berlin_000407_000019_gtFine_labelIds.png,1630
berlin_000407_000019_gtFine_polygons.json,1631
berlin_000408_000019_gtFine_color.png,1632
berlin_000408_000019_gtFine_instanceIds.png,1633
berlin_000408_000019_gtFine_labelIds.png,1634
berlin_000408_000019_gtFine_polygons.json,1635
berlin_000409_000019_gtFine_color.png,1636
berlin_000409_000019_gtFine_instanceIds.png,1637
berlin_000409_000019_gtFine_labelIds.png,1638
berlin_000409_000019_gtFine_polygons.json,1639
berlin_000410_000019_gtFine_color.png,1640
berlin_000410_000019_gtFine_instanceIds.png,1641
berlin_000410_000019_gtFine_labelIds.png,1642
berlin_000410_000019_gtFine_polygons.json,1643
berlin_000411_000019_gtFine_color.png,1644
berlin_000411_000019_gtFine_instanceIds.png,1645
berlin_000411_000019_gtFine_labelIds.png,1646
berlin_000411_000019_gtFine_polygons.json,1647
berlin_000412_000019_gtFine_color.png,1648
berlin_000412_000019_gtFine_instanceIds.png,1649
berlin_000412_000019_gtFine_labelIds.png,1650
berlin_000412_000019_gtFine_polygons.json,1651
berlin_000413_000019_gtFine_color.png,1652
berlin_000413_000019_gtFine_instanceIds.png,1653
berlin_000413_000019_gtFine_labelIds.png,1654
berlin_000413_000019_gtFine_polygons.json,1655
berlin_000414_000019_gtFine_color.png,1656
berlin_000414_000019_gtFine_instanceIds.png,1657
berlin_000414_000019_gtFine_labelIds.png,1658
berlin_000414_000019_gtFine_polygons.json,1659
berlin_000415_000019_gtFine_color.png,1660
berlin_000415_000019_gtFine_instanceIds.png,1661
berlin_000415_000019_gtFine_labelIds.png,1662
berlin_000415_000019_gtFine_polygons.json,1663
berlin_000416_000019_gtFine_color.png,1664
berlin_000416_000019_gtFine_instanceIds.png,1665
berlin_000416_000019_gtFine_labelIds.png,1666
berlin_000416_000019_gtFine_polygons.json,1667
berlin_000417_000019_gtFine_color.png,1668
berlin_000417_000019_gtFine_instanceIds.png,1669
berlin_000417_000019_gtFine_labelIds.png,1670
berlin_000417_000019_gtFine_polygons.json,1671
berlin_000418_000019_gtFine_color.png,1672
berlin_000418_000019_gtFine_instanceIds.png,1673
berlin_000418_000019_gtFine_labelIds.png,1674
berlin_000418_000019_gtFine_polygons.json,1675
berlin_000419_000019_gtFine_color.png,1676
berlin_000419_000019_gtFine_instanceIds.png,1677
berlin_000419_000019_gtFine_labelIds.png,1678
berlin_000419_000019_gtFine_polygons.json,1679
berlin_000420_000019_gtFine_color.png,1680
berlin_000420_000019_gtFine_instanceIds.png,1681
berlin_000420_000019_gtFine_labelIds.png,1682
berlin_000420_000019_gtFine_polygons.json,1683
berlin_000421_000019_gtFine_color.png,1684
berlin_000421_000019_gtFine_instanceIds.png,1685
berlin_000421_000019_gtFine_labelIds.png,1686
berlin_000421_000019_gtFine_polygons.json,1687
berlin_000422_000019_gtFine_color.png,1688
berlin_000422_000019_gtFine_instanceIds.png,1689
berlin_000422_000019_gtFine_labelIds.png,1690
berlin_000422_000019_gtFine_polygons.json,1691
berlin_000423_000019_gtFine_color.png,1692
berlin_000423_000019_gtFine_instanceIds.png,1693
berlin_000423_000019_gtFine_labelIds.png,1694
berlin_000423_000019_gtFine_polygons.json,1695
berlin_000424_000019_gtFine_color.png,1696
berlin_000424_000019_gtFine_instanceIds.png,1697
berlin_000424_000019_gtFine_labelIds.png,1698
berlin_000424_000019_gtFine_polygons.json,1699
berlin_000425_000019_gtFine_color.png,1700
berlin_000425_000019_gtFine_instanceIds.png,1701
berlin_000425_000019_gtFine_labelIds.png,1702
berlin_000425_000019_gtFine_polygons.json,1703
berlin_000426_000019_gtFine_color.png,1704
berlin_000426_000019_gtFine_instanceIds.png,1705
berlin_000426_000019_gtFine_labelIds.png,1706
berlin_000426_000019_gtFine_polygons.json,1707
berlin_000427_000019_gtFine_color.png,1708
berlin_000427_000019_gtFine_instanceIds.png,1709
berlin_000427_000019_gtFine_labelIds.png,1710
berlin_000427_000019_gtFine_polygons.json,1711
berlin_000428_000019_gtFine_color.png,1712
berlin_000428_000019_gtFine_instanceIds.png,1713
berlin_000428_000019_gtFine_labelIds.png,1714
berlin_000428_000019_gtFine_polygons.json,1715
berlin_000429_000019_gtFine_color.png,1716
berlin_000429_000019_gtFine_instanceIds.png,1717
berlin_000429_000019_gtFine_labelIds.png,1718
berlin_000429_000019_gtFine_polygons.json,1719
berlin_000430_000019_gtFine_color.png,1720
berlin_000430_000019_gtFine_instanceIds.png,1721
berlin_000430_000019_gtFine_labelIds.png,1722
berlin_000430_000019_gtFine_polygons.json,1723
berlin_000431_000019_gtFine_color.png,1724
berlin_000431_000019_gtFine_instanceIds.png,1725
berlin_000431_000019_gtFine_labelIds.png,1726
berlin_000431_000019_gtFine_polygons.json,1727
berlin_000432_000019_gtFine_color.png,1728
berlin_000432_000019_gtFine_instanceIds.png,1729
berlin_000432_000019_gtFine_labelIds.png,1730
berlin_000432_000019_gtFine_polygons.json,1731
berlin_000433_000019_gtFine_color.png,1732
berlin_000433_000019_gtFine_instanceIds.png,1733
berlin_000433_000019_gtFine_labelIds.png,1734
berlin_000433_000019_gtFine_polygons.json,1735
berlin_000434_000019_gtFine_color.png,1736
berlin_000434_000019_gtFine_instanceIds.png,1737
berlin_000434_000019_gtFine_labelIds.png,1738
berlin_000434_000019_gtFine_polygons.json,1739
berlin_000435_000019_gtFine_color.png,1740
berlin_000435_000019_gtFine_instanceIds.png,1741
berlin_000435_000019_gtFine_labelIds.png,1742
berlin_000435_000019_gtFine_polygons.json,1743
berlin_000436_000019_gtFine_color.png,1744
berlin_000436_000019_gtFine_instanceIds.png,1745
berlin_000436_000019_gtFine_labelIds.png,1746
berlin_000436_000019_gtFine_polygons.json,1747
berlin_000437_000019_gtFine_color.png,1748
berlin_000437_000019_gtFine_instanceIds.png,1749
berlin_000437_000019_gtFine_labelIds.png,1750
berlin_000437_000019_gtFine_polygons.json,1751
berlin_000438_000019_gtFine_color.png,1752
berlin_000438_000019_gtFine_instanceIds.png,1753
berlin_000438_000019_gtFine_labelIds.png,1754
berlin_000438_000019_gtFine_polygons.json,1755
berlin_000439_000019_gtFine_color.png,1756
berlin_000439_000019_gtFine_instanceIds.png,1757
berlin_000439_000019_gtFine_labelIds.png,1758
berlin_000439_000019_gtFine_polygons.json,1759
berlin_000440_000019_gtFine_color.png,1760
berlin_000440_000019_gtFine_instanceIds.png,1761
berlin_000440_000019_gtFine_labelIds.png,1762
berlin_000440_000019_gtFine_polygons.json,1763
berlin_000441_000019_gtFine_color.png,1764
berlin_000441_000019_gtFine_instanceIds.png,1765
berlin_000441_000019_gtFine_labelIds.png,1766
berlin_000441_000019_gtFine_polygons.json,1767
berlin_000442_000019_gtFine_color.png,1768
berlin_000442_000019_gtFine_instanceIds.png,1769
berlin_000442_000019_gtFine_labelIds.png,1770
berlin_000442_000019_gtFine_polygons.json,1771
berlin_000443_000019_gtFine_color.png,1772
berlin_000443_000019_gtFine_instanceIds.png,1773
berlin_000443_000019_gtFine_labelIds.png,1774
berlin_000443_000019_gtFine_polygons.json,1775
berlin_000444_000019_gtFine_color.png,1776
berlin_000444_000019_gtFine_instanceIds.png,1777
berlin_000444_000019_gtFine_labelIds.png,1778
berlin_000444_000019_gtFine_polygons.json,1779
berlin_000445_000019_gtFine_color.png,1780
berlin_000445_000019_gtFine_instanceIds.png,1781
berlin_000445_000019_gtFine_labelIds.png,1782
berlin_000445_000019_gtFine_polygons.json,1783
berlin_000446_000019_gtFine_color.png,1784
berlin_000446_000019_gtFine_instanceIds.png,1785
berlin_000446_000019_gtFine_labelIds.png,1786
berlin_000446_000019_gtFine_polygons.json,1787
berlin_000447_000019_gtFine_color.png,1788
berlin_000447_000019_gtFine_instanceIds.png,1789
berlin_000447_000019_gtFine_labelIds.png,1790
berlin_000447_000019_gtFine_polygons.json,1791
berlin_000448_000019_gtFine_color.png,1792
berlin_000448_000019_gtFine_instanceIds.png,1793
berlin_000448_000019_gtFine_labelIds.png,1794
berlin_000448_000019_gtFine_polygons.json,1795
berlin_000449_000019_gtFine_color.png,1796
berlin_000449_000019_gtFine_instanceIds.png,1797
berlin_000449_000019_gtFine_labelIds.png,1798
berlin_000449_000019_gtFine_polygons.json,1799
berlin_000450_000019_gtFine_color.png,1800
berlin_000450_000019_gtFine_instanceIds.png,1801
berlin_000450_000019_gtFine_labelIds.png,1802
berlin_000450_000019_gtFine_polygons.json,1803
berlin_000451_000019_gtFine_color.png,1804
berlin_000451_000019_gtFine_instanceIds.png,1805
berlin_000451_000019_gtFine_labelIds.png,1806
berlin_000451_000019_gtFine_polygons.json,1807
berlin_000452_000019_gtFine_color.png,1808
berlin_000452_000019_gtFine_instanceIds.png,1809
berlin_000452_000019_gtFine_labelIds.png,1810
berlin_000452_000019_gtFine_polygons.json,1811
berlin_000453_000019_gtFine_color.png,1812
berlin_000453_000019_gtFine_instanceIds.png,1813
berlin_000453_000019_gtFine_labelIds.png,1814
berlin_000453_000019_gtFine_polygons.json,1815
berlin_000454_000019_gtFine_color.png,1816
berlin_000454_000019_gtFine_instanceIds.png,1817
berlin_000454_000019_gtFine_labelIds.png,1818
berlin_000454_000019_gtFine_polygons.json,1819
berlin_000455_000019_gtFine_color.png,1820
berlin_000455_000019_gtFine_instanceIds.png,1821
berlin_000455_000019_gtFine_labelIds.png,1822
berlin_000455_000019_gtFine_polygons.json,1823
berlin_000456_000019_gtFine_color.png,1824
berlin_000456_000019_gtFine_instanceIds.png,1825
berlin_000456_000019_gtFine_labelIds.png,1826
berlin_000456_000019_gtFine_polygons.json,1827
berlin_000457_000019_gtFine_color.png,1828
berlin_000457_000019_gtFine_instanceIds.png,1829
berlin_000457_000019_gtFine_labelIds.png,1830
berlin_000457_000019_gtFine_polygons.json,1831
berlin_000458_000019_gtFine_color.png,1832
berlin_000458_000019_gtFine_instanceIds.png,1833
berlin_000458_000019_gtFine_labelIds.png,1834
berlin_000458_000019_gtFine_polygons.json,1835
berlin_000459_000019_gtFine_color.png,1836
berlin_000459_000019_gtFine_instanceIds.png,1837
berlin_000459_000019_gtFine_labelIds.png,1838
berlin_000459_000019_gtFine_polygons.json,1839
berlin_000460_000019_gtFine_color.png,1840
berlin_000460_000019_gtFine_instanceIds.png,1841
berlin_000460_000019_gtFine_labelIds.png,1842
berlin_000460_000019_gtFine_polygons.json,1843
berlin_000461_000019_gtFine_color.png,1844
berlin_000461_000019_gtFine_instanceIds.png,1845
berlin_000461_000019_gtFine_labelIds.png,1846
berlin_000461_000019_gtFine_polygons.json,1847
berlin_000462_000019_gtFine_color.png,1848
berlin_000462_000019_gtFine_instanceIds.png,1849
berlin_000462_000019_gtFine_labelIds.png,1850
berlin_000462_000019_gtFine_polygons.json,1851
berlin_000463_000019_gtFine_color.png,1852
berlin_000463_000019_gtFine_instanceIds.png,1853
berlin_000463_000019_gtFine_labelIds.png,1854
berlin_000463_000019_gtFine_polygons.json,1855
berlin_000464_000019_gtFine_color.png,1856
berlin_000464_000019_gtFine_instanceIds.png,1857
berlin_000464_000019_gtFine_labelIds.png,1858
berlin_000464_000019_gtFine_polygons.json,1859
berlin_000465_000019_gtFine_color.png,1860
berlin_000465_000019_gtFine_instanceIds.png,1861
berlin_000465_000019_gtFine_labelIds.png,1862
berlin_000465_000019_gtFine_polygons.json,1863
berlin_000466_000019_gtFine_color.png,1864
berlin_000466_000019_gtFine_instanceIds.png,1865
berlin_000466_000019_gtFine_labelIds.png,1866
berlin_000466_000019_gtFine_polygons.json,1867
berlin_000467_000019_gtFine_color.png,1868
berlin_000467_000019_gtFine_instanceIds.png,1869
berlin_000467_000019_gtFine_labelIds.png,1870
berlin_000467_000019_gtFine_polygons.json,1871
berlin_000468_000019_gtFine_color.png,1872
berlin_000468_000019_gtFine_instanceIds.png,1873
berlin_000468_000019_gtFine_labelIds.png,1874
berlin_000468_000019_gtFine_polygons.json,1875
berlin_000469_000019_gtFine_color.png,1876
berlin_000469_000019_gtFine_instanceIds.png,1877
berlin_000469_000019_gtFine_labelIds.png,1878
berlin_000469_000019_gtFine_polygons.json,1879
berlin_000470_000019_gtFine_color.png,1880
berlin_000470_000019_gtFine_instanceIds.png,1881
berlin_000470_000019_gtFine_labelIds.png,1882
berlin_000470_000019_gtFine_polygons.json,1883
berlin_000471_000019_gtFine_color.png,1884
berlin_000471_000019_gtFine_instanceIds.png,1885
berlin_000471_000019_gtFine_labelIds.png,1886
berlin_000471_000019_gtFine_polygons.json,1887
berlin_000472_000019_gtFine_color.png,1888
berlin_000472_000019_gtFine_instanceIds.png,1889
berlin_000472_000019_gtFine_labelIds.png,1890
berlin_000472_000019_gtFine_polygons.json,1891
berlin_000473_000019_gtFine_color.png,1892
berlin_000473_000019_gtFine_instanceIds.png,1893
berlin_000473_000019_gtFine_labelIds.png,1894
berlin_000473_000019_gtFine_polygons.json,1895
berlin_000474_000019_gtFine_color.png,1896
berlin_000474_000019_gtFine_instanceIds.png,1897
berlin_000474_000019_gtFine_labelIds.png,1898
berlin_000474_000019_gtFine_polygons.json,1899
berlin_000475_000019_gtFine_color.png,1900
berlin_000475_000019_gtFine_instanceIds.png,1901
berlin_000475_000019_gtFine_labelIds.png,1902
berlin_000475_000019_gtFine_polygons.json,1903
berlin_000476_000019_gtFine_color.png,1904
berlin_000476_000019_gtFine_instanceIds.png,1905
berlin_000476_000019_gtFine_labelIds.png,1906
berlin_000476_000019_gtFine_polygons.json,1907
berlin_000477_000019_gtFine_color.png,1908
berlin_000477_000019_gtFine_instanceIds.png,1909
berlin_000477_000019_gtFine_labelIds.png,1910
berlin_000477_000019_gtFine_polygons.json,1911
berlin_000478_000019_gtFine_color.png,1912
berlin_000478_000019_gtFine_instanceIds.png,1913
berlin_000478_000019_gtFine_labelIds.png,1914
berlin_000478_000019_gtFine_polygons.json,1915
berlin_000479_000019_gtFine_color.png,1916
berlin_000479_000019_gtFine_instanceIds.png,1917
berlin_000479_000019_gtFine_labelIds.png,1918
berlin_000479_000019_gtFine_polygons.json,1919
berlin_000480_000019_gtFine_color.png,1920
berlin_000480_000019_gtFine_instanceIds.png,1921
berlin_000480_000019_gtFine_labelIds.png,1922
berlin_000480_000019_gtFine_polygons.json,1923
berlin_000481_000019_gtFine_color.png,1924
berlin_000481_000019_gtFine_instanceIds.png,1925
berlin_000481_000019_gtFine_labelIds.png,1926
berlin_000481_000019_gtFine_polygons.json,1927
berlin_000482_000019_gtFine_color.png,1928
berlin_000482_000019_gtFine_instanceIds.png,1929
berlin_000482_000019_gtFine_labelIds.png,1930
berlin_000482_000019_gtFine_polygons.json,1931
berlin_000483_000019_gtFine_color.png,1932
berlin_000483_000019_gtFine_instanceIds.png,1933
berlin_000483_000019_gtFine_labelIds.png,1934
berlin_000483_000019_gtFine_polygons.json,1935
berlin_000484_000019_gtFine_color.png,1936
berlin_000484_000019_gtFine_instanceIds.png,1937
berlin_000484_000019_gtFine_labelIds.png,1938
berlin_000484_000019_gtFine_polygons.json,1939
berlin_000485_000019_gtFine_color.png,1940
berlin_000485_000019_gtFine_instanceIds.png,1941
berlin_000485_000019_gtFine_labelIds.png,1942
berlin_000485_000019_gtFine_polygons.json,1943
berlin_000486_000019_gtFine_color.png,1944
berlin_000486_000019_gtFine_instanceIds.png,1945
berlin_000486_000019_gtFine_labelIds.png,1946
berlin_000486_000019_gtFine_polygons.json,1947
berlin_000487_000019_gtFine_color.png,1948
berlin_000487_000019_gtFine_instanceIds.png,1949
berlin_000487_000019_gtFine_labelIds.png,1950
berlin_000487_000019_gtFine_polygons.json,1951
berlin_000488_000019_gtFine_color.png,1952
berlin_000488_000019_gtFine_instanceIds.png,1953
berlin_000488_000019_gtFine_labelIds.png,1954
berlin_000488_000019_gtFine_polygons.json,1955
berlin_000489_000019_gtFine_color.png,1956
berlin_000489_000019_gtFine_instanceIds.png,1957
berlin_000489_000019_gtFine_labelIds.png,1958
berlin_000489_000019_gtFine_polygons.json,1959
berlin_000490_000019_gtFine_color.png,1960
berlin_000490_000019_gtFine_instanceIds.png,1961
berlin_000490_000019_gtFine_labelIds.png,1962
berlin_000490_000019_gtFine_polygons.json,1963
berlin_000491_000019_gtFine_color.png,1964
berlin_000491_000019_gtFine_instanceIds.png,1965
berlin_000491_000019_gtFine_labelIds.png,1966
berlin_000491_000019_gtFine_polygons.json,1967
berlin_000492_000019_gtFine_color.png,1968
berlin_000492_000019_gtFine_instanceIds.png,1969
berlin_000492_000019_gtFine_labelIds.png,1970
berlin_000492_000019_gtFine_polygons.json,1971
berlin_000493_000019_gtFine_color.png,1972
berlin_000493_000019_gtFine_instanceIds.png,1973
berlin_000493_000019_gtFine_labelIds.png,1974
berlin_000493_000019_gtFine_polygons.json,1975
berlin_000494_000019_gtFine_color.png,1976
berlin_000494_000019_gtFine_instanceIds.png,1977
berlin_000494_000019_gtFine_labelIds.png,1978
berlin_000494_000019_gtFine_polygons.json,1979
berlin_000495_000019_gtFine_color.png,1980
berlin_000495_000019_gtFine_instanceIds.png,1981
berlin_000495_000019_gtFine_labelIds.png,1982
berlin_000495_000019_gtFine_polygons.json,1983
berlin_000496_000019_gtFine_color.png,1984
berlin_000496_000019_gtFine_instanceIds.png,1985
berlin_000496_000019_gtFine_labelIds.png,1986
berlin_000496_000019_gtFine_polygons.json,1987
berlin_000497_000019_gtFine_color.png,1988
berlin_000497_000019_gtFine_instanceIds.png,1989
berlin_000497_000019_gtFine_labelIds.png,1990
berlin_000497_000019_gtFine_polygons.json,1991
berlin_000498_000019_gtFine_color.png,1992
berlin_000498_000019_gtFine_instanceIds.png,1993
berlin_000498_000019_gtFine_labelIds.png,1994
berlin_000498_000019_gtFine_polygons.json,1995
berlin_000499_000019_gtFine_color.png,1996
berlin_000499_000019_gtFine_instanceIds.png,1997
berlin_000499_000019_gtFine_labelIds.png,1998
berlin_000499_000019_gtFine_polygons.json,1999
berlin_000500_000019_gtFine_color.png,2000
berlin_000500_000019_gtFine_instanceIds.png,2001
berlin_000500_000019_gtFine_labelIds.png,2002
berlin_000500_000019_gtFine_polygons.json,2003
berlin_000501_000019_gtFine_color.png,2004
berlin_000501_000019_gtFine_instanceIds.png,2005
berlin_000501_000019_gtFine_labelIds.png,2006
berlin_000501_000019_gtFine_polygons.json,2007
berlin_000502_000019_gtFine_color.png,2008
berlin_000502_000019_gtFine_instanceIds.png,2009
berlin_000502_000019_gtFine_labelIds.png,2010
berlin_000502_000019_gtFine_polygons.json,2011
berlin_000503_000019_gtFine_color.png,2012
berlin_000503_000019_gtFine_instanceIds.png,2013
berlin_000503_000019_gtFine_labelIds.png,2014
berlin_000503_000019_gtFine_polygons.json,2015
berlin_000504_000019_gtFine_color.png,2016
berlin_000504_000019_gtFine_instanceIds.png,2017
berlin_000504_000019_gtFine_labelIds.png,2018
berlin_000504_000019_gtFine_polygons.json,2019
berlin_000505_000019_gtFine_color.png,2020
berlin_000505_000019_gtFine_instanceIds.png,2021
berlin_000505_000019_gtFine_labelIds.png,2022
berlin_000505_000019_gtFine_polygons.json,2023
berlin_000506_000019_gtFine_color.png,2024
berlin_000506_000019_gtFine_instanceIds.png,2025
berlin_000506_000019_gtFine_labelIds.png,2026
berlin_000506_000019_gtFine_polygons.json,2027
berlin_000507_000019_gtFine_color.png,2028
berlin_000507_000019_gtFine_instanceIds.png,2029
berlin_000507_000019_gtFine_labelIds.png,2030
berlin_000507_000019_gtFine_polygons.json,2031
berlin_000508_000019_gtFine_color.png,2032
berlin_000508_000019_gtFine_instanceIds.png,2033
berlin_000508_000019_gtFine_labelIds.png,2034
berlin_000508_000019_gtFine_polygons.json,2035
berlin_000509_000019_gtFine_color.png,2036
berlin_000509_000019_gtFine_instanceIds.png,2037
berlin_000509_000019_gtFine_labelIds.png,2038
berlin_000509_000019_gtFine_polygons.json,2039
berlin_000510_000019_gtFine_color.png,2040
berlin_000510_000019_gtFine_instanceIds.png,2041
berlin_000510_000019_gtFine_labelIds.png,2042
berlin_000510_000019_gtFine_polygons.json,2043
berlin_000511_000019_gtFine_color.png,2044
berlin_000511_000019_gtFine_instanceIds.png,2045
berlin_000511_000019_gtFine_labelIds.png,2046
berlin_000511_000019_gtFine_polygons.json,2047
berlin_000512_000019_gtFine_color.png,2048
berlin_000512_000019_gtFine_instanceIds.png,2049
berlin_000512_000019_gtFine_labelIds.png,2050
berlin_000512_000019_gtFine_polygons.json,2051
berlin_000513_000019_gtFine_color.png,2052
berlin_000513_000019_gtFine_instanceIds.png,2053
berlin_000513_000019_gtFine_labelIds.png,2054
berlin_000513_000019_gtFine_polygons.json,2055
berlin_000514_000019_gtFine_color.png,2056
berlin_000514_000019_gtFine_instanceIds.png,2057
berlin_000514_000019_gtFine_labelIds.png,2058
berlin_000514_000019_gtFine_polygons.json,2059
berlin_000515_000019_gtFine_color.png,2060
berlin_000515_000019_gtFine_instanceIds.png,2061
berlin_000515_000019_gtFine_labelIds.png,2062
berlin_000515_000019_gtFine_polygons.json,2063
berlin_000516_000019_gtFine_color.png,2064
berlin_000516_000019_gtFine_instanceIds.png,2065
berlin_000516_000019_gtFine_labelIds.png,2066
berlin_000516_000019_gtFine_polygons.json,2067
berlin_000517_000019_gtFine_color.png,2068
berlin_000517_000019_gtFine_instanceIds.png,2069
berlin_000517_000019_gtFine_labelIds.png,2070
berlin_000517_000019_gtFine_polygons.json,2071
berlin_000518_000019_gtFine_color.png,2072
berlin_000518_000019_gtFine_instanceIds.png,2073
berlin_000518_000019_gtFine_labelIds.png,2074
berlin_000518_000019_gtFine_polygons.json,2075
berlin_000519_000019_gtFine_color.png,2076
berlin_000519_000019_gtFine_instanceIds.png,2077
berlin_000519_000019_gtFine_labelIds.png,2078
berlin_000519_000019_gtFine_polygons.json,2079
berlin_000520_000019_gtFine_color.png,2080
berlin_000520_000019_gtFine_instanceIds.png,2081
berlin_000520_000019_gtFine_labelIds.png,2082
berlin_000520_000019_gtFine_polygons.json,2083
berlin_000521_000019_gtFine_color.png,2084
berlin_000521_000019_gtFine_instanceIds.png,2085
berlin_000521_000019_gtFine_labelIds.png,2086
berlin_000521_000019_gtFine_polygons.json,2087
berlin_000522_000019_gtFine_color.png,2088
berlin_000522_000019_gtFine_instanceIds.png,2089
berlin_000522_000019_gtFine_labelIds.png,2090
berlin_000522_000019_gtFine_polygons.json,2091
berlin_000523_000019_gtFine_color.png,2092
berlin_000523_000019_gtFine_instanceIds.png,2093
berlin_000523_000019_gtFine_labelIds.png,2094
berlin_000523_000019_gtFine_polygons.json,2095
berlin_000524_000019_gtFine_color.png,2096
berlin_000524_000019_gtFine_instanceIds.png,2097
berlin_000524_000019_gtFine_labelIds.png,2098
berlin_000524_000019_gtFine_polygons.json,2099
berlin_000525_000019_gtFine_color.png,2100
berlin_000525_000019_gtFine_instanceIds.png,2101
berlin_000525_000019_gtFine_labelIds.png,2102
berlin_000525_000019_gtFine_polygons.json,2103
berlin_000526_000019_gtFine_color.png,2104
berlin_000526_000019_gtFine_instanceIds.png,2105
berlin_000526_000019_gtFine_labelIds.png,2106
berlin_000526_000019_gtFine_polygons.json,2107
berlin_000527_000019_gtFine_color.png,2108
berlin_000527_000019_gtFine_instanceIds.png,2109
berlin_000527_000019_gtFine_labelIds.png,2110
berlin_000527_000019_gtFine_polygons.json,2111
berlin_000528_000019_gtFine_color.png,2112
berlin_000528_000019_gtFine_instanceIds.png,2113
berlin_000528_000019_gtFine_labelIds.png,2114
berlin_000528_000019_gtFine_polygons.json,2115
berlin_000529_000019_gtFine_color.png,2116
berlin_000529_000019_gtFine_instanceIds.png,2117
berlin_000529_000019_gtFine_labelIds.png,2118
berlin_000529_000019_gtFine_polygons.json,2119
berlin_000530_000019_gtFine_color.png,2120
berlin_000530_000019_gtFine_instanceIds.png,2121
berlin_000530_000019_gtFine_labelIds.png,2122
berlin_000530_000019_gtFine_polygons.json,2123
berlin_000531_000019_gtFine_color.png,2124
berlin_000531_000019_gtFine_instanceIds.png,2125
berlin_000531_000019_gtFine_labelIds.png,2126
berlin_000531_000019_gtFine_polygons.json,2127
berlin_000532_000019_gtFine_color.png,2128
berlin_000532_000019_gtFine_instanceIds.png,2129
berlin_000532_000019_gtFine_labelIds.png,2130
berlin_000532_000019_gtFine_polygons.json,2131
berlin_000533_000019_gtFine_color.png,2132
berlin_000533_000019_gtFine_instanceIds.png,2133
berlin_000533_000019_gtFine_labelIds.png,2134
berlin_000533_000019_gtFine_polygons.json,2135
berlin_000534_000019_gtFine_color.png,2136
berlin_000534_000019_gtFine_instanceIds.png,2137
berlin_000534_000019_gtFine_labelIds.png,2138
berlin_000534_000019_gtFine_polygons.json,2139
berlin_000535_000019_gtFine_color.png,2140
berlin_000535_000019_gtFine_instanceIds.png,2141
berlin_000535_000019_gtFine_labelIds.png,2142
berlin_000535_000019_gtFine_polygons.json,2143
berlin_000536_000019_gtFine_color.png,2144
berlin_000536_000019_gtFine_instanceIds.png,2145
berlin_000536_000019_gtFine_labelIds.png,2146
berlin_000536_000019_gtFine_polygons.json,2147
berlin_000537_000019_gtFine_color.png,2148
berlin_000537_000019_gtFine_instanceIds.png,2149
berlin_000537_000019_gtFine_labelIds.png,2150
berlin_000537_000019_gtFine_polygons.json,2151
berlin_000538_000019_gtFine_color.png,2152
berlin_000538_000019_gtFine_instanceIds.png,2153
berlin_000538_000019_gtFine_labelIds.png,2154
berlin_000538_000019_gtFine_polygons.json,2155
berlin_000539_000019_gtFine_color.png,2156
berlin_000539_000019_gtFine_instanceIds.png,2157
berlin_000539_000019_gtFine_labelIds.png,2158
berlin_000539_000019_gtFine_polygons.json,2159
berlin_000540_000019_gtFine_color.png,2160
berlin_000540_000019_gtFine_instanceIds.png,2161
berlin_000540_000019_gtFine_labelIds.png,2162
berlin_000540_000019_gtFine_polygons.json,2163
berlin_000541_000019_gtFine_color.png,2164
berlin_000541_000019_gtFine_instanceIds.png,2165
berlin_000541_000019_gtFine_labelIds.png,2166
berlin_000541_000019_gtFine_polygons.json,2167
berlin_000542_000019_gtFine_color.png,2168
berlin_000542_000019_gtFine_instanceIds.png,2169
berlin_000542_000019_gtFine_labelIds.png,2170
berlin_000542_000019_gtFine_polygons.json,2171
berlin_000543_000019_gtFine_color.png,2172
berlin_000543_000019_gtFine_instanceIds.png,2173
berlin_000543_000019_gtFine_labelIds.png,2174
berlin_000543_000019_gtFine_polygons.json,2175
